"LocalAddress","LocalPort","RemoteAddress","RemotePort","State","PID","ProcessName","ProcessPath","CreationTime"
"::","65526","::","0","Bound","36332","iCloudHome","C:\Program Files\WindowsApps\AppleInc.iCloud_15.7.56.0_x64__nzyj5cx40ttqa\iCloud\iCloudHome.exe","4/12/2026 12:34:33"
"::","65523","::","0","Bound","36332","iCloudHome","C:\Program Files\WindowsApps\AppleInc.iCloud_15.7.56.0_x64__nzyj5cx40ttqa\iCloud\iCloudHome.exe","4/12/2026 12:34:33"
"::","65190","::","0","Bound","25900","SteelSeriesSonar","C:\Program Files\SteelSeries\GG\apps\sonar\SteelSeriesSonar.exe","4/12/2026 12:34:07"
"::","64989","::","0","Bound","12868","MSI.CentralServer",,"4/12/2026 12:34:02"
"::","64897","::","0","Bound","40052","Spotify","C:\Program Files\WindowsApps\SpotifyAB.SpotifyMusic_1.286.502.0_x64__zpdnekdrzrea0\Spotify.exe","4/12/2026 12:34:42"
"::","64354","::","0","Bound","36780","iCloudCKKS","C:\Program Files\WindowsApps\AppleInc.iCloud_15.7.56.0_x64__nzyj5cx40ttqa\iCloud\iCloudCKKS.exe","4/12/2026 19:12:14"
"::","64345","::","0","Bound","40748","SpotifyLauncher","C:\Program Files\WindowsApps\SpotifyAB.SpotifyMusic_1.286.502.0_x64__zpdnekdrzrea0\SpotifyLauncher.exe","4/12/2026 19:12:10"
"::","64173","::","0","Bound","25900","SteelSeriesSonar","C:\Program Files\SteelSeries\GG\apps\sonar\SteelSeriesSonar.exe","4/12/2026 19:10:44"
"::","63686","::","0","Bound","49804","claude","C:\Users\Nebula\.local\bin\claude.exe","4/12/2026 19:06:33"
"::","63683","::","0","Bound","49804","claude","C:\Users\Nebula\.local\bin\claude.exe","4/12/2026 19:06:30"
"::","63676","::","0","Bound","40052","Spotify","C:\Program Files\WindowsApps\SpotifyAB.SpotifyMusic_1.286.502.0_x64__zpdnekdrzrea0\Spotify.exe","4/12/2026 18:39:39"
"::","62504","::","0","Bound","46936","vmware","C:\Program Files (x86)\VMware\VMware Workstation\vmware.exe","4/12/2026 18:03:22"
"::","62491","::","0","Bound","46936","vmware","C:\Program Files (x86)\VMware\VMware Workstation\vmware.exe","4/12/2026 18:03:21"
"::","62332","::","0","Bound","40052","Spotify","C:\Program Files\WindowsApps\SpotifyAB.SpotifyMusic_1.286.502.0_x64__zpdnekdrzrea0\Spotify.exe","4/12/2026 19:09:59"
"::","58686","::","0","Bound","6900","MpDefenderCoreService",,"4/12/2026 19:10:59"
"::","58400","::","0","Bound","6200","Obsidian","C:\Users\Nebula\AppData\Local\Programs\Obsidian\Obsidian.exe","4/12/2026 19:08:43"
"::","58399","::","0","Bound","6200","Obsidian","C:\Users\Nebula\AppData\Local\Programs\Obsidian\Obsidian.exe","4/12/2026 19:08:43"
"::","56653","::","0","Bound","40052","Spotify","C:\Program Files\WindowsApps\SpotifyAB.SpotifyMusic_1.286.502.0_x64__zpdnekdrzrea0\Spotify.exe","4/12/2026 19:10:00"
"::","56236","::","0","Bound","40052","Spotify","C:\Program Files\WindowsApps\SpotifyAB.SpotifyMusic_1.286.502.0_x64__zpdnekdrzrea0\Spotify.exe","4/12/2026 19:10:00"
"::","55429","::","0","Bound","40052","Spotify","C:\Program Files\WindowsApps\SpotifyAB.SpotifyMusic_1.286.502.0_x64__zpdnekdrzrea0\Spotify.exe","4/12/2026 19:10:00"
"::","54920","::","0","Bound","40052","Spotify","C:\Program Files\WindowsApps\SpotifyAB.SpotifyMusic_1.286.502.0_x64__zpdnekdrzrea0\Spotify.exe","4/12/2026 18:54:41"
"::","54038","::","0","Bound","49804","claude","C:\Users\Nebula\.local\bin\claude.exe","4/12/2026 19:07:58"
"::","50598","::","0","Bound","39796","Spotify","C:\Program Files\WindowsApps\SpotifyAB.SpotifyMusic_1.286.502.0_x64__zpdnekdrzrea0\Spotify.exe","4/12/2026 12:34:40"
"::","49809","::","0","Bound","40052","Spotify","C:\Program Files\WindowsApps\SpotifyAB.SpotifyMusic_1.286.502.0_x64__zpdnekdrzrea0\Spotify.exe","4/12/2026 13:52:54"
"2603:9000:a000:346b:ecb2:86f5:dca6:f4ce","65526","2620:149:a41:580:e::1","443","CloseWait","36332","iCloudHome","C:\Program Files\WindowsApps\AppleInc.iCloud_15.7.56.0_x64__nzyj5cx40ttqa\iCloud\iCloudHome.exe","4/12/2026 12:34:33"
"2603:9000:a000:346b:ecb2:86f5:dca6:f4ce","65523","2620:149:a41:580:e::1","443","CloseWait","36332","iCloudHome","C:\Program Files\WindowsApps\AppleInc.iCloud_15.7.56.0_x64__nzyj5cx40ttqa\iCloud\iCloudHome.exe","4/12/2026 12:34:33"
"2603:9000:a000:346b:ecb2:86f5:dca6:f4ce","64897","2600:1901:1:510::","443","Established","40052","Spotify","C:\Program Files\WindowsApps\SpotifyAB.SpotifyMusic_1.286.502.0_x64__zpdnekdrzrea0\Spotify.exe","4/12/2026 12:34:42"
"2603:9000:a000:346b:ecb2:86f5:dca6:f4ce","64354","2620:149:a41:580::2:4","443","Established","36780","iCloudCKKS","C:\Program Files\WindowsApps\AppleInc.iCloud_15.7.56.0_x64__nzyj5cx40ttqa\iCloud\iCloudCKKS.exe","4/12/2026 19:12:14"
"2603:9000:a000:346b:ecb2:86f5:dca6:f4ce","64345","2600:1901:1:7c5::","443","Established","40748","SpotifyLauncher","C:\Program Files\WindowsApps\SpotifyAB.SpotifyMusic_1.286.502.0_x64__zpdnekdrzrea0\SpotifyLauncher.exe","4/12/2026 19:12:10"
"2603:9000:a000:346b:ecb2:86f5:dca6:f4ce","63686","2607:6bc0::10","443","Established","49804","claude","C:\Users\Nebula\.local\bin\claude.exe","4/12/2026 19:06:33"
"2603:9000:a000:346b:ecb2:86f5:dca6:f4ce","63683","2607:6bc0::10","443","Established","49804","claude","C:\Users\Nebula\.local\bin\claude.exe","4/12/2026 19:06:30"
"2603:9000:a000:346b:ecb2:86f5:dca6:f4ce","63676","2600:1901:1:7c5::","443","Established","40052","Spotify","C:\Program Files\WindowsApps\SpotifyAB.SpotifyMusic_1.286.502.0_x64__zpdnekdrzrea0\Spotify.exe","4/12/2026 18:39:39"
"2603:9000:a000:346b:ecb2:86f5:dca6:f4ce","62504","2606:4700:7::a5","443","CloseWait","46936","vmware","C:\Program Files (x86)\VMware\VMware Workstation\vmware.exe","4/12/2026 18:03:22"
"::1","62491","::1","62490","Established","46936","vmware","C:\Program Files (x86)\VMware\VMware Workstation\vmware.exe","4/12/2026 18:03:21"
"::1","62490","::1","62491","Established","46936","vmware","C:\Program Files (x86)\VMware\VMware Workstation\vmware.exe","4/12/2026 18:03:21"
"2603:9000:a000:346b:ecb2:86f5:dca6:f4ce","62332","2600:1901:1:365::","443","Established","40052","Spotify","C:\Program Files\WindowsApps\SpotifyAB.SpotifyMusic_1.286.502.0_x64__zpdnekdrzrea0\Spotify.exe","4/12/2026 19:09:59"
"2603:9000:a000:346b:ecb2:86f5:dca6:f4ce","58686","2603:1063:9:149::365:7ea3","443","Established","6900","MpDefenderCoreService",,"4/12/2026 19:10:59"
"2603:9000:a000:346b:ecb2:86f5:dca6:f4ce","58400","2606:4700:20::681a:93","443","Established","6200","Obsidian","C:\Users\Nebula\AppData\Local\Programs\Obsidian\Obsidian.exe","4/12/2026 19:08:43"
"2603:9000:a000:346b:ecb2:86f5:dca6:f4ce","58399","2606:50c0:8001::154","443","Established","6200","Obsidian","C:\Users\Nebula\AppData\Local\Programs\Obsidian\Obsidian.exe","4/12/2026 19:08:43"
"2603:9000:a000:346b:ecb2:86f5:dca6:f4ce","56689","2606:4700:3030::6815:43c9","443","TimeWait","0","Idle",,"12/31/1600 19:00:00"
"2603:9000:a000:346b:ecb2:86f5:dca6:f4ce","56653","2606:4700:7::175","443","Established","40052","Spotify","C:\Program Files\WindowsApps\SpotifyAB.SpotifyMusic_1.286.502.0_x64__zpdnekdrzrea0\Spotify.exe","4/12/2026 19:10:00"
"2603:9000:a000:346b:ecb2:86f5:dca6:f4ce","56236","2600:1901:1:7c5::","443","Established","40052","Spotify","C:\Program Files\WindowsApps\SpotifyAB.SpotifyMusic_1.286.502.0_x64__zpdnekdrzrea0\Spotify.exe","4/12/2026 19:10:00"
"2603:9000:a000:346b:ecb2:86f5:dca6:f4ce","55429","2600:1901:1:7c5::","443","Established","40052","Spotify","C:\Program Files\WindowsApps\SpotifyAB.SpotifyMusic_1.286.502.0_x64__zpdnekdrzrea0\Spotify.exe","4/12/2026 19:10:00"
"2603:9000:a000:346b:ecb2:86f5:dca6:f4ce","54920","2600:1901:1:365::","443","Established","40052","Spotify","C:\Program Files\WindowsApps\SpotifyAB.SpotifyMusic_1.286.502.0_x64__zpdnekdrzrea0\Spotify.exe","4/12/2026 18:54:41"
"2603:9000:a000:346b:ecb2:86f5:dca6:f4ce","54038","2607:f8b0:4008:810::201b","443","Established","49804","claude","C:\Users\Nebula\.local\bin\claude.exe","4/12/2026 19:07:58"
"2603:9000:a000:346b:ecb2:86f5:dca6:f4ce","52239","2603:1063:9:149::365:7ea3","443","TimeWait","0","Idle",,"12/31/1600 19:00:00"
"2603:9000:a000:346b:ecb2:86f5:dca6:f4ce","50598","2600:1901:1:510::","443","Established","39796","Spotify","C:\Program Files\WindowsApps\SpotifyAB.SpotifyMusic_1.286.502.0_x64__zpdnekdrzrea0\Spotify.exe","4/12/2026 12:34:40"
"2603:9000:a000:346b:ecb2:86f5:dca6:f4ce","49809","2607:f8b0:400c:c11::bc","5228","Established","40052","Spotify","C:\Program Files\WindowsApps\SpotifyAB.SpotifyMusic_1.286.502.0_x64__zpdnekdrzrea0\Spotify.exe","4/12/2026 13:52:54"
"::","49703","::","0","Listen","1996","services",,"4/12/2026 12:33:45"
"::","49668","::","0","Listen","5288","spoolsv",,"4/12/2026 12:33:43"
"::","49667","::","0","Listen","3796","svchost",,"4/12/2026 12:33:43"
"::","49666","::","0","Listen","2908","svchost",,"4/12/2026 12:33:43"
"::","49665","::","0","Listen","1912","wininit",,"4/12/2026 12:33:43"
"::","49664","::","0","Listen","1284","lsass",,"4/12/2026 12:33:43"
"::","7680","::","0","Listen","4840","svchost",,"4/12/2026 12:34:15"
"::","1462","::","0","Listen","4","System",,"4/12/2026 12:33:44"
"::","445","::","0","Listen","4","System",,"4/12/2026 12:33:44"
"::","135","::","0","Listen","2260","svchost",,"4/12/2026 12:33:43"
"0.0.0.0","65534","0.0.0.0","0","Bound","35992","Grammarly.Desktop","C:\Users\Nebula\AppData\Local\Grammarly\DesktopIntegrations\Grammarly.Desktop.exe","4/12/2026 12:34:34"
"0.0.0.0","65533","0.0.0.0","0","Bound","36780","iCloudCKKS","C:\Program Files\WindowsApps\AppleInc.iCloud_15.7.56.0_x64__nzyj5cx40ttqa\iCloud\iCloudCKKS.exe","4/12/2026 12:34:34"
"0.0.0.0","65531","0.0.0.0","0","Bound","36780","iCloudCKKS","C:\Program Files\WindowsApps\AppleInc.iCloud_15.7.56.0_x64__nzyj5cx40ttqa\iCloud\iCloudCKKS.exe","4/12/2026 12:34:34"
"0.0.0.0","65529","0.0.0.0","0","Bound","36332","iCloudHome","C:\Program Files\WindowsApps\AppleInc.iCloud_15.7.56.0_x64__nzyj5cx40ttqa\iCloud\iCloudHome.exe","4/12/2026 12:34:33"
"0.0.0.0","65520","0.0.0.0","0","Bound","35992","Grammarly.Desktop","C:\Users\Nebula\AppData\Local\Grammarly\DesktopIntegrations\Grammarly.Desktop.exe","4/12/2026 12:34:32"
"0.0.0.0","65221","0.0.0.0","0","Bound","18240","brave","C:\Program Files\BraveSoftware\Brave-Browser\Application\brave.exe","4/12/2026 18:29:04"
"0.0.0.0","65209","0.0.0.0","0","Bound","26216","SteelSeriesGG",,"4/12/2026 12:34:08"
"0.0.0.0","65208","0.0.0.0","0","Bound","25876","SteelSeriesEngine","C:\Program Files\SteelSeries\GG\apps\engine\SteelSeriesEngine.exe","4/12/2026 12:34:08"
"0.0.0.0","65207","0.0.0.0","0","Bound","25876","SteelSeriesEngine","C:\Program Files\SteelSeries\GG\apps\engine\SteelSeriesEngine.exe","4/12/2026 12:34:08"
"0.0.0.0","65201","0.0.0.0","0","Bound","27560","SteelSeriesPrism","C:\Program Files\SteelSeries\GG\apps\engine\prism\SteelSeriesPrism.exe","4/12/2026 12:34:08"
"0.0.0.0","65200","0.0.0.0","0","Bound","27560","SteelSeriesPrism","C:\Program Files\SteelSeries\GG\apps\engine\prism\SteelSeriesPrism.exe","4/12/2026 12:34:08"
"0.0.0.0","65199","0.0.0.0","0","Bound","27560","SteelSeriesPrism","C:\Program Files\SteelSeries\GG\apps\engine\prism\SteelSeriesPrism.exe","4/12/2026 12:34:08"
"0.0.0.0","65198","0.0.0.0","0","Bound","27560","SteelSeriesPrism","C:\Program Files\SteelSeries\GG\apps\engine\prism\SteelSeriesPrism.exe","4/12/2026 12:34:08"
"0.0.0.0","65016","0.0.0.0","0","Bound","25876","SteelSeriesEngine","C:\Program Files\SteelSeries\GG\apps\engine\SteelSeriesEngine.exe","4/12/2026 12:34:05"
"0.0.0.0","65014","0.0.0.0","0","Bound","25876","SteelSeriesEngine","C:\Program Files\SteelSeries\GG\apps\engine\SteelSeriesEngine.exe","4/12/2026 12:34:05"
"0.0.0.0","65011","0.0.0.0","0","Bound","25876","SteelSeriesEngine","C:\Program Files\SteelSeries\GG\apps\engine\SteelSeriesEngine.exe","4/12/2026 12:34:04"
"0.0.0.0","65010","0.0.0.0","0","Bound","25876","SteelSeriesEngine","C:\Program Files\SteelSeries\GG\apps\engine\SteelSeriesEngine.exe","4/12/2026 12:34:04"
"0.0.0.0","64967","0.0.0.0","0","Bound","6964","svchost",,"4/12/2026 12:33:55"
"0.0.0.0","64363","0.0.0.0","0","Bound","11008","FileCoAuth","C:\Users\Nebula\AppData\Local\Microsoft\OneDrive\26.040.0301.0001\FileCoAuth.exe","4/12/2026 19:12:18"
"0.0.0.0","64360","0.0.0.0","0","Bound","6660","aakore",,"4/12/2026 19:12:17"
"0.0.0.0","64346","0.0.0.0","0","Bound","6880","vmnat",,"4/12/2026 19:12:10"
"0.0.0.0","64317","0.0.0.0","0","Bound","18316","DuckDuckGo.WebView","C:\Program Files\WindowsApps\DuckDuckGo.DesktopBrowser_0.152.4.0_x64__ya2fgkz3nks94\WindowsBrowser\DuckDuckGo.WebView.exe","4/12/2026 12:37:50"
"0.0.0.0","64169","0.0.0.0","0","Bound","21276","grpm-mini",,"4/12/2026 19:10:40"
"0.0.0.0","63645","0.0.0.0","0","Bound","4020","SystemSettings","C:\Windows\ImmersiveControlPanel\SystemSettings.exe","4/12/2026 12:42:04"
"0.0.0.0","63640","0.0.0.0","0","Bound","31832","GitHubDesktop","C:\Users\Nebula\AppData\Local\GitHubDesktop\app-3.5.7\GitHubDesktop.exe","4/12/2026 18:57:24"
"0.0.0.0","63419","0.0.0.0","0","Bound","6880","vmnat",,"4/12/2026 19:05:39"
"0.0.0.0","63418","0.0.0.0","0","Bound","6880","vmnat",,"4/12/2026 19:05:39"
"0.0.0.0","63011","0.0.0.0","0","Bound","14900","DiscWizardMonitor","C:\Program Files (x86)\Seagate\DiscWizard\DiscWizardMonitor.exe","4/12/2026 18:12:15"
"0.0.0.0","62977","0.0.0.0","0","Bound","6908","vmware-authd",,"4/12/2026 18:11:50"
"0.0.0.0","62597","0.0.0.0","0","Bound","25876","SteelSeriesEngine","C:\Program Files\SteelSeries\GG\apps\engine\SteelSeriesEngine.exe","4/12/2026 18:04:06"
"0.0.0.0","62537","0.0.0.0","0","Bound","6880","vmnat",,"4/12/2026 18:15:18"
"0.0.0.0","62523","0.0.0.0","0","Bound","6908","vmware-authd",,"4/12/2026 18:03:38"
"0.0.0.0","62472","0.0.0.0","0","Bound","25876","SteelSeriesEngine","C:\Program Files\SteelSeries\GG\apps\engine\SteelSeriesEngine.exe","4/12/2026 18:03:20"
"0.0.0.0","60861","0.0.0.0","0","Bound","40052","Spotify","C:\Program Files\WindowsApps\SpotifyAB.SpotifyMusic_1.286.502.0_x64__zpdnekdrzrea0\Spotify.exe","4/12/2026 12:34:43"
"0.0.0.0","60725","0.0.0.0","0","Bound","37844","msedgewebview2","C:\Program Files (x86)\Microsoft\EdgeWebView\Application\146.0.3856.109\msedgewebview2.exe","4/12/2026 18:34:36"
"0.0.0.0","60530","0.0.0.0","0","Bound","35992","Grammarly.Desktop","C:\Users\Nebula\AppData\Local\Grammarly\DesktopIntegrations\Grammarly.Desktop.exe","4/12/2026 19:04:48"
"0.0.0.0","60499","0.0.0.0","0","Bound","35992","Grammarly.Desktop","C:\Users\Nebula\AppData\Local\Grammarly\DesktopIntegrations\Grammarly.Desktop.exe","4/12/2026 19:04:27"
"0.0.0.0","60296","0.0.0.0","0","Bound","35992","Grammarly.Desktop","C:\Users\Nebula\AppData\Local\Grammarly\DesktopIntegrations\Grammarly.Desktop.exe","4/12/2026 19:11:41"
"0.0.0.0","58349","0.0.0.0","0","Bound","6660","aakore",,"4/12/2026 19:12:39"
"0.0.0.0","58348","0.0.0.0","0","Bound","7856","adp-agent",,"4/12/2026 19:12:39"
"0.0.0.0","58347","0.0.0.0","0","Bound","35992","Grammarly.Desktop","C:\Users\Nebula\AppData\Local\Grammarly\DesktopIntegrations\Grammarly.Desktop.exe","4/12/2026 19:12:38"
"0.0.0.0","58346","0.0.0.0","0","Bound","34592","lghub_agent","C:\Program Files\LGHUB\lghub_agent.exe","4/12/2026 19:12:37"
"0.0.0.0","58345","0.0.0.0","0","Bound","6660","aakore",,"4/12/2026 19:12:36"
"0.0.0.0","58344","0.0.0.0","0","Bound","31832","GitHubDesktop","C:\Users\Nebula\AppData\Local\GitHubDesktop\app-3.5.7\GitHubDesktop.exe","4/12/2026 19:12:36"
"0.0.0.0","57717","0.0.0.0","0","Bound","34216","APSDaemon","C:\Program Files\WindowsApps\AppleInc.iCloud_15.7.56.0_x64__nzyj5cx40ttqa\iCloud\APSDaemon.exe","4/12/2026 12:34:44"
"0.0.0.0","57469","0.0.0.0","0","Bound","18240","brave","C:\Program Files\BraveSoftware\Brave-Browser\Application\brave.exe","4/12/2026 18:55:41"
"0.0.0.0","56523","0.0.0.0","0","Bound","18240","brave","C:\Program Files\BraveSoftware\Brave-Browser\Application\brave.exe","4/12/2026 18:52:41"
"0.0.0.0","56040","0.0.0.0","0","Bound","5928","DuckDuckGo.WebView","C:\Program Files\WindowsApps\DuckDuckGo.DesktopBrowser_0.152.4.0_x64__ya2fgkz3nks94\WindowsBrowser\DuckDuckGo.WebView.exe","4/12/2026 12:34:54"
"0.0.0.0","55747","0.0.0.0","0","Bound","6660","aakore",,"4/12/2026 12:50:31"
"0.0.0.0","55740","0.0.0.0","0","Bound","14900","DiscWizardMonitor","C:\Program Files (x86)\Seagate\DiscWizard\DiscWizardMonitor.exe","4/12/2026 12:50:30"
"0.0.0.0","55734","0.0.0.0","0","Bound","14900","DiscWizardMonitor","C:\Program Files (x86)\Seagate\DiscWizard\DiscWizardMonitor.exe","4/12/2026 12:50:30"
"0.0.0.0","55724","0.0.0.0","0","Bound","14900","DiscWizardMonitor","C:\Program Files (x86)\Seagate\DiscWizard\DiscWizardMonitor.exe","4/12/2026 12:50:29"
"0.0.0.0","55722","0.0.0.0","0","Bound","14900","DiscWizardMonitor","C:\Program Files (x86)\Seagate\DiscWizard\DiscWizardMonitor.exe","4/12/2026 12:50:29"
"0.0.0.0","55720","0.0.0.0","0","Bound","14900","DiscWizardMonitor","C:\Program Files (x86)\Seagate\DiscWizard\DiscWizardMonitor.exe","4/12/2026 12:50:29"
"0.0.0.0","55718","0.0.0.0","0","Bound","14900","DiscWizardMonitor","C:\Program Files (x86)\Seagate\DiscWizard\DiscWizardMonitor.exe","4/12/2026 12:50:29"
"0.0.0.0","55716","0.0.0.0","0","Bound","14900","DiscWizardMonitor","C:\Program Files (x86)\Seagate\DiscWizard\DiscWizardMonitor.exe","4/12/2026 12:50:29"
"0.0.0.0","55714","0.0.0.0","0","Bound","14900","DiscWizardMonitor","C:\Program Files (x86)\Seagate\DiscWizard\DiscWizardMonitor.exe","4/12/2026 12:50:29"
"0.0.0.0","55711","0.0.0.0","0","Bound","14900","DiscWizardMonitor","C:\Program Files (x86)\Seagate\DiscWizard\DiscWizardMonitor.exe","4/12/2026 12:50:29"
"0.0.0.0","55710","0.0.0.0","0","Bound","14900","DiscWizardMonitor","C:\Program Files (x86)\Seagate\DiscWizard\DiscWizardMonitor.exe","4/12/2026 12:50:29"
"0.0.0.0","55707","0.0.0.0","0","Bound","6660","aakore",,"4/12/2026 12:50:29"
"0.0.0.0","55705","0.0.0.0","0","Bound","14900","DiscWizardMonitor","C:\Program Files (x86)\Seagate\DiscWizard\DiscWizardMonitor.exe","4/12/2026 12:50:28"
"0.0.0.0","55704","0.0.0.0","0","Bound","14900","DiscWizardMonitor","C:\Program Files (x86)\Seagate\DiscWizard\DiscWizardMonitor.exe","4/12/2026 12:50:28"
"0.0.0.0","55698","0.0.0.0","0","Bound","14900","DiscWizardMonitor","C:\Program Files (x86)\Seagate\DiscWizard\DiscWizardMonitor.exe","4/12/2026 12:50:27"
"0.0.0.0","55696","0.0.0.0","0","Bound","14900","DiscWizardMonitor","C:\Program Files (x86)\Seagate\DiscWizard\DiscWizardMonitor.exe","4/12/2026 12:50:27"
"0.0.0.0","55654","0.0.0.0","0","Bound","37704","msedgewebview2","C:\Program Files (x86)\Microsoft\EdgeWebView\Application\146.0.3856.109\msedgewebview2.exe","4/12/2026 18:55:42"
"0.0.0.0","55274","0.0.0.0","0","Bound","11736","DPM","C:\Program Files\Dell\Dell Peripheral Manager\DPM.exe","4/12/2026 19:12:27"
"0.0.0.0","55263","0.0.0.0","0","Bound","37844","msedgewebview2","C:\Program Files (x86)\Microsoft\EdgeWebView\Application\146.0.3856.109\msedgewebview2.exe","4/12/2026 19:12:19"
"0.0.0.0","54798","0.0.0.0","0","Bound","37844","msedgewebview2","C:\Program Files (x86)\Microsoft\EdgeWebView\Application\146.0.3856.109\msedgewebview2.exe","4/12/2026 18:34:35"
"0.0.0.0","54487","0.0.0.0","0","Bound","18240","brave","C:\Program Files\BraveSoftware\Brave-Browser\Application\brave.exe","4/12/2026 12:55:46"
"0.0.0.0","53730","0.0.0.0","0","Bound","39796","Spotify","C:\Program Files\WindowsApps\SpotifyAB.SpotifyMusic_1.286.502.0_x64__zpdnekdrzrea0\Spotify.exe","4/12/2026 12:34:40"
"0.0.0.0","53203","0.0.0.0","0","Bound","40748","SpotifyLauncher","C:\Program Files\WindowsApps\SpotifyAB.SpotifyMusic_1.286.502.0_x64__zpdnekdrzrea0\SpotifyLauncher.exe","4/12/2026 12:34:45"
"0.0.0.0","52320","0.0.0.0","0","Bound","6660","aakore",,"4/12/2026 16:59:47"
"0.0.0.0","49717","0.0.0.0","0","Bound","14900","DiscWizardMonitor","C:\Program Files (x86)\Seagate\DiscWizard\DiscWizardMonitor.exe","4/12/2026 13:29:36"
"0.0.0.0","49690","0.0.0.0","0","Bound","9000","updater",,"4/12/2026 12:33:44"
"0.0.0.0","49681","0.0.0.0","0","Bound","6660","aakore",,"4/12/2026 12:33:44"
"0.0.0.0","49676","0.0.0.0","0","Bound","9188","monitoring-mini",,"4/12/2026 12:33:44"
"0.0.0.0","49675","0.0.0.0","0","Bound","9188","monitoring-mini",,"4/12/2026 12:33:44"
"0.0.0.0","49171","0.0.0.0","0","Bound","18240","brave","C:\Program Files\BraveSoftware\Brave-Browser\Application\brave.exe","4/12/2026 19:02:04"
"0.0.0.0","49154","0.0.0.0","0","Bound","35992","Grammarly.Desktop","C:\Users\Nebula\AppData\Local\Grammarly\DesktopIntegrations\Grammarly.Desktop.exe","4/12/2026 12:34:35"
"192.168.1.17","65533","17.179.252.18","443","CloseWait","36780","iCloudCKKS","C:\Program Files\WindowsApps\AppleInc.iCloud_15.7.56.0_x64__nzyj5cx40ttqa\iCloud\iCloudCKKS.exe","4/12/2026 12:34:34"
"192.168.1.17","65531","17.32.194.2","443","CloseWait","36780","iCloudCKKS","C:\Program Files\WindowsApps\AppleInc.iCloud_15.7.56.0_x64__nzyj5cx40ttqa\iCloud\iCloudCKKS.exe","4/12/2026 12:34:34"
"192.168.1.17","65529","17.32.194.2","443","CloseWait","36332","iCloudHome","C:\Program Files\WindowsApps\AppleInc.iCloud_15.7.56.0_x64__nzyj5cx40ttqa\iCloud\iCloudHome.exe","4/12/2026 12:34:33"
"127.0.0.1","65453","127.0.0.1","30630","TimeWait","0","Idle",,"12/31/1600 19:00:00"
"192.168.1.17","65221","18.97.36.16","443","Established","18240","brave","C:\Program Files\BraveSoftware\Brave-Browser\Application\brave.exe","4/12/2026 18:29:04"
"127.0.0.1","65209","127.0.0.1","65009","Established","26216","SteelSeriesGG",,"4/12/2026 12:34:08"
"127.0.0.1","65208","127.0.0.1","65197","Established","25876","SteelSeriesEngine","C:\Program Files\SteelSeries\GG\apps\engine\SteelSeriesEngine.exe","4/12/2026 12:34:08"
"127.0.0.1","65207","127.0.0.1","65009","Established","25876","SteelSeriesEngine","C:\Program Files\SteelSeries\GG\apps\engine\SteelSeriesEngine.exe","4/12/2026 12:34:08"
"127.0.0.1","65202","127.0.0.1","5010","TimeWait","0","Idle",,"12/31/1600 19:00:00"
"127.0.0.1","65201","127.0.0.1","6327","Established","27560","SteelSeriesPrism","C:\Program Files\SteelSeries\GG\apps\engine\prism\SteelSeriesPrism.exe","4/12/2026 12:34:08"
"127.0.0.1","65200","127.0.0.1","65009","Established","27560","SteelSeriesPrism","C:\Program Files\SteelSeries\GG\apps\engine\prism\SteelSeriesPrism.exe","4/12/2026 12:34:08"
"127.0.0.1","65199","127.0.0.1","6327","Established","27560","SteelSeriesPrism","C:\Program Files\SteelSeries\GG\apps\engine\prism\SteelSeriesPrism.exe","4/12/2026 12:34:08"
"127.0.0.1","65198","127.0.0.1","65009","Established","27560","SteelSeriesPrism","C:\Program Files\SteelSeries\GG\apps\engine\prism\SteelSeriesPrism.exe","4/12/2026 12:34:08"
"127.0.0.1","65197","127.0.0.1","65208","Established","27560","SteelSeriesPrism","C:\Program Files\SteelSeries\GG\apps\engine\prism\SteelSeriesPrism.exe","4/12/2026 12:34:08"
"127.0.0.1","65197","0.0.0.0","0","Listen","27560","SteelSeriesPrism","C:\Program Files\SteelSeries\GG\apps\engine\prism\SteelSeriesPrism.exe","4/12/2026 12:34:08"
"127.0.0.1","65190","127.0.0.1","6327","Established","25900","SteelSeriesSonar","C:\Program Files\SteelSeries\GG\apps\sonar\SteelSeriesSonar.exe","4/12/2026 12:34:07"
"127.0.0.1","65126","0.0.0.0","0","Listen","25900","SteelSeriesSonar","C:\Program Files\SteelSeries\GG\apps\sonar\SteelSeriesSonar.exe","4/12/2026 12:34:06"
"127.0.0.1","65016","127.0.0.1","6327","Established","25876","SteelSeriesEngine","C:\Program Files\SteelSeries\GG\apps\engine\SteelSeriesEngine.exe","4/12/2026 12:34:05"
"127.0.0.1","65014","127.0.0.1","6327","Established","25876","SteelSeriesEngine","C:\Program Files\SteelSeries\GG\apps\engine\SteelSeriesEngine.exe","4/12/2026 12:34:05"
"127.0.0.1","65011","127.0.0.1","6327","Established","25876","SteelSeriesEngine","C:\Program Files\SteelSeries\GG\apps\engine\SteelSeriesEngine.exe","4/12/2026 12:34:04"
"127.0.0.1","65010","127.0.0.1","6327","Established","25876","SteelSeriesEngine","C:\Program Files\SteelSeries\GG\apps\engine\SteelSeriesEngine.exe","4/12/2026 12:34:04"
"127.0.0.1","65009","127.0.0.1","65209","Established","25876","SteelSeriesEngine","C:\Program Files\SteelSeries\GG\apps\engine\SteelSeriesEngine.exe","4/12/2026 12:34:08"
"127.0.0.1","65009","127.0.0.1","65207","Established","25876","SteelSeriesEngine","C:\Program Files\SteelSeries\GG\apps\engine\SteelSeriesEngine.exe","4/12/2026 12:34:08"
"127.0.0.1","65009","127.0.0.1","65200","Established","25876","SteelSeriesEngine","C:\Program Files\SteelSeries\GG\apps\engine\SteelSeriesEngine.exe","4/12/2026 12:34:08"
"127.0.0.1","65009","127.0.0.1","65198","Established","25876","SteelSeriesEngine","C:\Program Files\SteelSeries\GG\apps\engine\SteelSeriesEngine.exe","4/12/2026 12:34:08"
"127.0.0.1","65009","0.0.0.0","0","Listen","25876","SteelSeriesEngine","C:\Program Files\SteelSeries\GG\apps\engine\SteelSeriesEngine.exe","4/12/2026 12:34:08"
"127.0.0.1","65005","0.0.0.0","0","Listen","26216","SteelSeriesGG",,"4/12/2026 12:34:04"
"192.168.1.17","64967","172.183.7.194","443","Established","6964","svchost",,"4/12/2026 12:33:55"
"192.168.1.17","64363","104.208.16.88","443","Established","11008","FileCoAuth","C:\Users\Nebula\AppData\Local\Microsoft\OneDrive\26.040.0301.0001\FileCoAuth.exe","4/12/2026 19:12:18"
"127.0.0.1","64361","127.0.0.1","30630","TimeWait","0","Idle",,"12/31/1600 19:00:00"
"127.0.0.1","64360","127.0.0.1","49674","Established","6660","aakore",,"4/12/2026 19:12:17"
"127.0.0.1","64358","127.0.0.1","9999","TimeWait","0","Idle",,"12/31/1600 19:00:00"
"127.0.0.1","64353","127.0.0.1","18019","TimeWait","0","Idle",,"12/31/1600 19:00:00"
"127.0.0.1","64348","127.0.0.1","64347","TimeWait","0","Idle",,"12/31/1600 19:00:00"
"127.0.0.1","64342","127.0.0.1","9999","TimeWait","0","Idle",,"12/31/1600 19:00:00"
"127.0.0.1","64341","127.0.0.1","30630","TimeWait","0","Idle",,"12/31/1600 19:00:00"
"127.0.0.1","64331","127.0.0.1","30630","TimeWait","0","Idle",,"12/31/1600 19:00:00"
"127.0.0.1","64324","127.0.0.1","5005","TimeWait","0","Idle",,"12/31/1600 19:00:00"
"127.0.0.1","64323","127.0.0.1","5004","TimeWait","0","Idle",,"12/31/1600 19:00:00"
"127.0.0.1","64322","127.0.0.1","5002","TimeWait","0","Idle",,"12/31/1600 19:00:00"
"127.0.0.1","64321","127.0.0.1","5003","TimeWait","0","Idle",,"12/31/1600 19:00:00"
"127.0.0.1","64320","127.0.0.1","5001","TimeWait","0","Idle",,"12/31/1600 19:00:00"
"127.0.0.1","64319","127.0.0.1","5000","TimeWait","0","Idle",,"12/31/1600 19:00:00"
"127.0.0.1","64318","127.0.0.1","5010","TimeWait","0","Idle",,"12/31/1600 19:00:00"
"192.168.1.17","64317","192.168.1.124","8009","Established","18316","DuckDuckGo.WebView","C:\Program Files\WindowsApps\DuckDuckGo.DesktopBrowser_0.152.4.0_x64__ya2fgkz3nks94\WindowsBrowser\DuckDuckGo.WebView.exe","4/12/2026 12:37:50"
"127.0.0.1","64179","127.0.0.1","49674","TimeWait","0","Idle",,"12/31/1600 19:00:00"
"127.0.0.1","64177","127.0.0.1","30630","TimeWait","0","Idle",,"12/31/1600 19:00:00"
"127.0.0.1","64173","127.0.0.1","6327","Established","25900","SteelSeriesSonar","C:\Program Files\SteelSeries\GG\apps\sonar\SteelSeriesSonar.exe","4/12/2026 19:10:44"
"127.0.0.1","64172","127.0.0.1","18019","TimeWait","0","Idle",,"12/31/1600 19:00:00"
"127.0.0.1","64169","127.0.0.1","9999","Established","21276","grpm-mini",,"4/12/2026 19:10:40"
"127.0.0.1","63652","127.0.0.1","5010","TimeWait","0","Idle",,"12/31/1600 19:00:00"
"192.168.1.17","63640","140.82.113.26","443","Established","31832","GitHubDesktop","C:\Users\Nebula\AppData\Local\GitHubDesktop\app-3.5.7\GitHubDesktop.exe","4/12/2026 18:57:24"
"192.168.1.17","63419","172.183.7.193","443","Established","6880","vmnat",,"4/12/2026 19:05:39"
"192.168.1.17","63418","172.183.7.193","443","Established","6880","vmnat",,"4/12/2026 19:05:39"
"127.0.0.1","63011","127.0.0.1","9999","Established","14900","DiscWizardMonitor","C:\Program Files (x86)\Seagate\DiscWizard\DiscWizardMonitor.exe","4/12/2026 18:12:15"
"127.0.0.1","62977","127.0.0.1","62976","Established","6908","vmware-authd",,"4/12/2026 18:11:50"
"127.0.0.1","62976","127.0.0.1","62977","Established","6908","vmware-authd",,"4/12/2026 18:11:50"
"127.0.0.1","62597","127.0.0.1","6327","Established","25876","SteelSeriesEngine","C:\Program Files\SteelSeries\GG\apps\engine\SteelSeriesEngine.exe","4/12/2026 18:04:06"
"192.168.1.17","62537","172.183.7.194","443","Established","6880","vmnat",,"4/12/2026 18:15:18"
"127.0.0.1","62523","127.0.0.1","62522","Established","6908","vmware-authd",,"4/12/2026 18:03:38"
"127.0.0.1","62522","127.0.0.1","62523","Established","6908","vmware-authd",,"4/12/2026 18:03:38"
"127.0.0.1","62472","127.0.0.1","6327","Established","25876","SteelSeriesEngine","C:\Program Files\SteelSeries\GG\apps\engine\SteelSeriesEngine.exe","4/12/2026 18:03:20"
"127.0.0.1","61056","127.0.0.1","5010","TimeWait","0","Idle",,"12/31/1600 19:00:00"
"192.168.1.17","60861","192.168.1.124","8009","Established","40052","Spotify","C:\Program Files\WindowsApps\SpotifyAB.SpotifyMusic_1.286.502.0_x64__zpdnekdrzrea0\Spotify.exe","4/12/2026 12:34:43"
"192.168.1.17","60725","34.192.90.115","443","Established","37844","msedgewebview2","C:\Program Files (x86)\Microsoft\EdgeWebView\Application\146.0.3856.109\msedgewebview2.exe","4/12/2026 18:34:36"
"192.168.1.17","60530","32.195.96.71","443","Established","35992","Grammarly.Desktop","C:\Users\Nebula\AppData\Local\Grammarly\DesktopIntegrations\Grammarly.Desktop.exe","4/12/2026 19:04:48"
"192.168.1.17","60499","35.174.234.151","443","Established","35992","Grammarly.Desktop","C:\Users\Nebula\AppData\Local\Grammarly\DesktopIntegrations\Grammarly.Desktop.exe","4/12/2026 19:04:27"
"127.0.0.1","60455","127.0.0.1","5010","TimeWait","0","Idle",,"12/31/1600 19:00:00"
"127.0.0.1","60304","127.0.0.1","30630","TimeWait","0","Idle",,"12/31/1600 19:00:00"
"127.0.0.1","60303","127.0.0.1","49674","TimeWait","0","Idle",,"12/31/1600 19:00:00"
"127.0.0.1","60299","127.0.0.1","18019","TimeWait","0","Idle",,"12/31/1600 19:00:00"
"192.168.1.17","60296","44.205.184.155","443","CloseWait","35992","Grammarly.Desktop","C:\Users\Nebula\AppData\Local\Grammarly\DesktopIntegrations\Grammarly.Desktop.exe","4/12/2026 19:11:41"
"192.168.1.17","60292","192.168.1.124","36866","TimeWait","0","Idle",,"12/31/1600 19:00:00"
"192.168.1.17","60290","192.168.1.124","1903","TimeWait","0","Idle",,"12/31/1600 19:00:00"
"127.0.0.1","60286","127.0.0.1","30630","TimeWait","0","Idle",,"12/31/1600 19:00:00"
"127.0.0.1","60278","127.0.0.1","30630","TimeWait","0","Idle",,"12/31/1600 19:00:00"
"127.0.0.1","60274","127.0.0.1","5005","TimeWait","0","Idle",,"12/31/1600 19:00:00"
"127.0.0.1","60273","127.0.0.1","5004","TimeWait","0","Idle",,"12/31/1600 19:00:00"
"127.0.0.1","60272","127.0.0.1","5003","TimeWait","0","Idle",,"12/31/1600 19:00:00"
"127.0.0.1","60271","127.0.0.1","5001","TimeWait","0","Idle",,"12/31/1600 19:00:00"
"127.0.0.1","60270","127.0.0.1","5002","TimeWait","0","Idle",,"12/31/1600 19:00:00"
"127.0.0.1","60269","127.0.0.1","5000","TimeWait","0","Idle",,"12/31/1600 19:00:00"
"127.0.0.1","60268","127.0.0.1","5010","TimeWait","0","Idle",,"12/31/1600 19:00:00"
"127.0.0.1","59917","0.0.0.0","0","Listen","20112","GitHubDesktop","C:\Users\Nebula\AppData\Local\GitHubDesktop\app-3.5.7\GitHubDesktop.exe","4/12/2026 13:48:22"
"0.0.0.0","59869","0.0.0.0","0","Listen","11792","logioptionsplus_agent","C:\Program Files\LogiOptionsPlus\logioptionsplus_agent.exe","4/12/2026 12:33:46"
"127.0.0.1","58713","127.0.0.1","30630","TimeWait","0","Idle",,"12/31/1600 19:00:00"
"127.0.0.1","58711","127.0.0.1","49674","TimeWait","0","Idle",,"12/31/1600 19:00:00"
"127.0.0.1","58706","127.0.0.1","18019","TimeWait","0","Idle",,"12/31/1600 19:00:00"
"127.0.0.1","58696","127.0.0.1","58695","TimeWait","0","Idle",,"12/31/1600 19:00:00"
"127.0.0.1","58692","127.0.0.1","30630","TimeWait","0","Idle",,"12/31/1600 19:00:00"
"127.0.0.1","58688","127.0.0.1","9999","TimeWait","0","Idle",,"12/31/1600 19:00:00"
"127.0.0.1","58683","127.0.0.1","30630","TimeWait","0","Idle",,"12/31/1600 19:00:00"
"127.0.0.1","58680","127.0.0.1","5004","TimeWait","0","Idle",,"12/31/1600 19:00:00"
"127.0.0.1","58679","127.0.0.1","5005","TimeWait","0","Idle",,"12/31/1600 19:00:00"
"127.0.0.1","58678","127.0.0.1","5003","TimeWait","0","Idle",,"12/31/1600 19:00:00"
"127.0.0.1","58677","127.0.0.1","5002","TimeWait","0","Idle",,"12/31/1600 19:00:00"
"127.0.0.1","58676","127.0.0.1","5001","TimeWait","0","Idle",,"12/31/1600 19:00:00"
"127.0.0.1","58675","127.0.0.1","5000","TimeWait","0","Idle",,"12/31/1600 19:00:00"
"127.0.0.1","58674","127.0.0.1","5010","TimeWait","0","Idle",,"12/31/1600 19:00:00"
"127.0.0.1","58349","127.0.0.1","58091","SynSent","6660","aakore",,"4/12/2026 19:12:39"
"127.0.0.1","58348","127.0.0.1","9999","Established","7856","adp-agent",,"4/12/2026 19:12:39"
"192.168.1.17","58347","52.21.0.142","443","Established","35992","Grammarly.Desktop","C:\Users\Nebula\AppData\Local\Grammarly\DesktopIntegrations\Grammarly.Desktop.exe","4/12/2026 19:12:38"
"127.0.0.1","58345","127.0.0.1","30630","Established","6660","aakore",,"4/12/2026 19:12:36"
"192.168.1.17","58344","140.82.114.5","443","Established","31832","GitHubDesktop","C:\Users\Nebula\AppData\Local\GitHubDesktop\app-3.5.7\GitHubDesktop.exe","4/12/2026 19:12:36"
"127.0.0.1","58101","0.0.0.0","0","Listen","14900","DiscWizardMonitor","C:\Program Files (x86)\Seagate\DiscWizard\DiscWizardMonitor.exe","4/12/2026 12:50:29"
"192.168.1.17","57717","17.57.144.152","5223","Established","34216","APSDaemon","C:\Program Files\WindowsApps\AppleInc.iCloud_15.7.56.0_x64__nzyj5cx40ttqa\iCloud\APSDaemon.exe","4/12/2026 12:34:44"
"0.0.0.0","57621","0.0.0.0","0","Listen","39796","Spotify","C:\Program Files\WindowsApps\SpotifyAB.SpotifyMusic_1.286.502.0_x64__zpdnekdrzrea0\Spotify.exe","4/12/2026 12:34:40"
"192.168.1.17","57469","18.97.36.49","443","Established","18240","brave","C:\Program Files\BraveSoftware\Brave-Browser\Application\brave.exe","4/12/2026 18:55:41"
"127.0.0.1","57194","127.0.0.1","5002","TimeWait","0","Idle",,"12/31/1600 19:00:00"
"127.0.0.1","57193","127.0.0.1","5001","TimeWait","0","Idle",,"12/31/1600 19:00:00"
"127.0.0.1","57192","127.0.0.1","5000","TimeWait","0","Idle",,"12/31/1600 19:00:00"
"127.0.0.1","57191","127.0.0.1","5010","TimeWait","0","Idle",,"12/31/1600 19:00:00"
"127.0.0.1","56687","127.0.0.1","49674","TimeWait","0","Idle",,"12/31/1600 19:00:00"
"192.168.1.17","56668","79.127.208.174","443","TimeWait","0","Idle",,"12/31/1600 19:00:00"
"192.168.1.17","56667","79.127.208.168","443","TimeWait","0","Idle",,"12/31/1600 19:00:00"
"192.168.1.17","56666","79.127.208.169","443","TimeWait","0","Idle",,"12/31/1600 19:00:00"
"192.168.1.17","56665","79.127.208.171","443","TimeWait","0","Idle",,"12/31/1600 19:00:00"
"192.168.1.17","56664","79.127.208.174","443","TimeWait","0","Idle",,"12/31/1600 19:00:00"
"192.168.1.17","56663","89.222.120.9","443","TimeWait","0","Idle",,"12/31/1600 19:00:00"
"192.168.1.17","56662","89.222.120.9","443","TimeWait","0","Idle",,"12/31/1600 19:00:00"
"192.168.1.17","56661","89.222.120.9","443","TimeWait","0","Idle",,"12/31/1600 19:00:00"
"192.168.1.17","56660","89.222.120.9","443","TimeWait","0","Idle",,"12/31/1600 19:00:00"
"192.168.1.17","56659","89.222.120.9","443","TimeWait","0","Idle",,"12/31/1600 19:00:00"
"192.168.1.17","56523","18.97.36.65","443","Established","18240","brave","C:\Program Files\BraveSoftware\Brave-Browser\Application\brave.exe","4/12/2026 18:52:41"
"192.168.1.17","56040","192.168.1.124","8009","Established","5928","DuckDuckGo.WebView","C:\Program Files\WindowsApps\DuckDuckGo.DesktopBrowser_0.152.4.0_x64__ya2fgkz3nks94\WindowsBrowser\DuckDuckGo.WebView.exe","4/12/2026 12:34:54"
"127.0.0.1","55747","127.0.0.1","55728","Established","6660","aakore",,"4/12/2026 12:50:31"
"127.0.0.1","55740","127.0.0.1","55739","Established","14900","DiscWizardMonitor","C:\Program Files (x86)\Seagate\DiscWizard\DiscWizardMonitor.exe","4/12/2026 12:50:30"
"127.0.0.1","55739","127.0.0.1","55740","Established","14900","DiscWizardMonitor","C:\Program Files (x86)\Seagate\DiscWizard\DiscWizardMonitor.exe","4/12/2026 12:50:30"
"127.0.0.1","55734","127.0.0.1","55733","Established","14900","DiscWizardMonitor","C:\Program Files (x86)\Seagate\DiscWizard\DiscWizardMonitor.exe","4/12/2026 12:50:30"
"127.0.0.1","55733","127.0.0.1","55734","Established","14900","DiscWizardMonitor","C:\Program Files (x86)\Seagate\DiscWizard\DiscWizardMonitor.exe","4/12/2026 12:50:30"
"127.0.0.1","55728","127.0.0.1","55747","Established","21276","grpm-mini",,"4/12/2026 12:50:31"
"127.0.0.1","55728","0.0.0.0","0","Listen","21276","grpm-mini",,"4/12/2026 12:50:29"
"127.0.0.1","55724","127.0.0.1","55723","Established","14900","DiscWizardMonitor","C:\Program Files (x86)\Seagate\DiscWizard\DiscWizardMonitor.exe","4/12/2026 12:50:29"
"127.0.0.1","55723","127.0.0.1","55724","Established","14900","DiscWizardMonitor","C:\Program Files (x86)\Seagate\DiscWizard\DiscWizardMonitor.exe","4/12/2026 12:50:29"
"127.0.0.1","55722","127.0.0.1","55721","Established","14900","DiscWizardMonitor","C:\Program Files (x86)\Seagate\DiscWizard\DiscWizardMonitor.exe","4/12/2026 12:50:29"
"127.0.0.1","55721","127.0.0.1","55722","Established","14900","DiscWizardMonitor","C:\Program Files (x86)\Seagate\DiscWizard\DiscWizardMonitor.exe","4/12/2026 12:50:29"
"127.0.0.1","55720","127.0.0.1","55719","Established","14900","DiscWizardMonitor","C:\Program Files (x86)\Seagate\DiscWizard\DiscWizardMonitor.exe","4/12/2026 12:50:29"
"127.0.0.1","55719","127.0.0.1","55720","Established","14900","DiscWizardMonitor","C:\Program Files (x86)\Seagate\DiscWizard\DiscWizardMonitor.exe","4/12/2026 12:50:29"
"127.0.0.1","55718","127.0.0.1","55717","Established","14900","DiscWizardMonitor","C:\Program Files (x86)\Seagate\DiscWizard\DiscWizardMonitor.exe","4/12/2026 12:50:29"
"127.0.0.1","55717","127.0.0.1","55718","Established","14900","DiscWizardMonitor","C:\Program Files (x86)\Seagate\DiscWizard\DiscWizardMonitor.exe","4/12/2026 12:50:29"
"127.0.0.1","55716","127.0.0.1","55715","Established","14900","DiscWizardMonitor","C:\Program Files (x86)\Seagate\DiscWizard\DiscWizardMonitor.exe","4/12/2026 12:50:29"
"127.0.0.1","55715","127.0.0.1","55716","Established","14900","DiscWizardMonitor","C:\Program Files (x86)\Seagate\DiscWizard\DiscWizardMonitor.exe","4/12/2026 12:50:29"
"127.0.0.1","55714","127.0.0.1","55713","Established","14900","DiscWizardMonitor","C:\Program Files (x86)\Seagate\DiscWizard\DiscWizardMonitor.exe","4/12/2026 12:50:29"
"127.0.0.1","55713","127.0.0.1","55714","Established","14900","DiscWizardMonitor","C:\Program Files (x86)\Seagate\DiscWizard\DiscWizardMonitor.exe","4/12/2026 12:50:29"
"127.0.0.1","55711","127.0.0.1","9999","Established","14900","DiscWizardMonitor","C:\Program Files (x86)\Seagate\DiscWizard\DiscWizardMonitor.exe","4/12/2026 12:50:29"
"127.0.0.1","55710","127.0.0.1","55709","Established","14900","DiscWizardMonitor","C:\Program Files (x86)\Seagate\DiscWizard\DiscWizardMonitor.exe","4/12/2026 12:50:29"
"127.0.0.1","55709","127.0.0.1","55710","Established","14900","DiscWizardMonitor","C:\Program Files (x86)\Seagate\DiscWizard\DiscWizardMonitor.exe","4/12/2026 12:50:29"
"127.0.0.1","55707","127.0.0.1","49673","Established","6660","aakore",,"4/12/2026 12:50:29"
"127.0.0.1","55705","127.0.0.1","9999","Established","14900","DiscWizardMonitor","C:\Program Files (x86)\Seagate\DiscWizard\DiscWizardMonitor.exe","4/12/2026 12:50:28"
"127.0.0.1","55704","127.0.0.1","55703","Established","14900","DiscWizardMonitor","C:\Program Files (x86)\Seagate\DiscWizard\DiscWizardMonitor.exe","4/12/2026 12:50:28"
"127.0.0.1","55703","127.0.0.1","55704","Established","14900","DiscWizardMonitor","C:\Program Files (x86)\Seagate\DiscWizard\DiscWizardMonitor.exe","4/12/2026 12:50:28"
"127.0.0.1","55699","0.0.0.0","0","Listen","31760","MSI_LAN_Manager_Tool",,"4/12/2026 12:34:22"
"127.0.0.1","55698","127.0.0.1","9999","Established","14900","DiscWizardMonitor","C:\Program Files (x86)\Seagate\DiscWizard\DiscWizardMonitor.exe","4/12/2026 12:50:27"
"127.0.0.1","55696","127.0.0.1","55695","Established","14900","DiscWizardMonitor","C:\Program Files (x86)\Seagate\DiscWizard\DiscWizardMonitor.exe","4/12/2026 12:50:27"
"127.0.0.1","55695","127.0.0.1","55696","Established","14900","DiscWizardMonitor","C:\Program Files (x86)\Seagate\DiscWizard\DiscWizardMonitor.exe","4/12/2026 12:50:27"
"192.168.1.17","55654","13.35.196.9","443","Established","37704","msedgewebview2","C:\Program Files (x86)\Microsoft\EdgeWebView\Application\146.0.3856.109\msedgewebview2.exe","4/12/2026 18:55:42"
"127.0.0.1","55490","127.0.0.1","9999","TimeWait","0","Idle",,"12/31/1600 19:00:00"
"127.0.0.1","55489","127.0.0.1","5005","TimeWait","0","Idle",,"12/31/1600 19:00:00"
"127.0.0.1","55488","127.0.0.1","5004","TimeWait","0","Idle",,"12/31/1600 19:00:00"
"127.0.0.1","55487","127.0.0.1","5003","TimeWait","0","Idle",,"12/31/1600 19:00:00"
"127.0.0.1","55486","127.0.0.1","5002","TimeWait","0","Idle",,"12/31/1600 19:00:00"
"127.0.0.1","55485","127.0.0.1","5001","TimeWait","0","Idle",,"12/31/1600 19:00:00"
"127.0.0.1","55484","127.0.0.1","5000","TimeWait","0","Idle",,"12/31/1600 19:00:00"
"127.0.0.1","55483","127.0.0.1","5010","TimeWait","0","Idle",,"12/31/1600 19:00:00"
"127.0.0.1","55276","127.0.0.1","9999","TimeWait","0","Idle",,"12/31/1600 19:00:00"
"127.0.0.1","55273","127.0.0.1","30630","TimeWait","0","Idle",,"12/31/1600 19:00:00"
"127.0.0.1","55267","127.0.0.1","9999","TimeWait","0","Idle",,"12/31/1600 19:00:00"
"192.168.1.17","55263","44.222.27.214","443","Established","37844","msedgewebview2","C:\Program Files (x86)\Microsoft\EdgeWebView\Application\146.0.3856.109\msedgewebview2.exe","4/12/2026 19:12:19"
"127.0.0.1","55174","127.0.0.1","5010","TimeWait","0","Idle",,"12/31/1600 19:00:00"
"192.168.1.17","54798","34.192.90.115","443","Established","37844","msedgewebview2","C:\Program Files (x86)\Microsoft\EdgeWebView\Application\146.0.3856.109\msedgewebview2.exe","4/12/2026 18:34:35"
"127.0.0.1","54737","127.0.0.1","9999","TimeWait","0","Idle",,"12/31/1600 19:00:00"
"192.168.1.17","54487","192.168.1.124","8009","Established","18240","brave","C:\Program Files\BraveSoftware\Brave-Browser\Application\brave.exe","4/12/2026 12:55:46"
"192.168.1.17","53730","34.158.255.62","4070","Established","39796","Spotify","C:\Program Files\WindowsApps\SpotifyAB.SpotifyMusic_1.286.502.0_x64__zpdnekdrzrea0\Spotify.exe","4/12/2026 12:34:40"
"127.0.0.1","53203","127.0.0.1","7768","Established","40748","SpotifyLauncher","C:\Program Files\WindowsApps\SpotifyAB.SpotifyMusic_1.286.502.0_x64__zpdnekdrzrea0\SpotifyLauncher.exe","4/12/2026 12:34:45"
"127.0.0.1","52750","127.0.0.1","5010","TimeWait","0","Idle",,"12/31/1600 19:00:00"
"127.0.0.1","52320","127.0.0.1","49674","Established","6660","aakore",,"4/12/2026 16:59:47"
"127.0.0.1","50432","127.0.0.1","5005","TimeWait","0","Idle",,"12/31/1600 19:00:00"
"127.0.0.1","50431","127.0.0.1","5004","TimeWait","0","Idle",,"12/31/1600 19:00:00"
"127.0.0.1","50430","127.0.0.1","5003","TimeWait","0","Idle",,"12/31/1600 19:00:00"
"127.0.0.1","50429","127.0.0.1","5010","TimeWait","0","Idle",,"12/31/1600 19:00:00"
"127.0.0.1","50390","127.0.0.1","5010","TimeWait","0","Idle",,"12/31/1600 19:00:00"
"127.0.0.1","50098","127.0.0.1","5010","TimeWait","0","Idle",,"12/31/1600 19:00:00"
"127.0.0.1","49717","127.0.0.1","9999","Established","14900","DiscWizardMonitor","C:\Program Files (x86)\Seagate\DiscWizard\DiscWizardMonitor.exe","4/12/2026 13:29:36"
"0.0.0.0","49703","0.0.0.0","0","Listen","1996","services",,"4/12/2026 12:33:45"
"127.0.0.1","49690","127.0.0.1","49689","Established","9000","updater",,"4/12/2026 12:33:44"
"127.0.0.1","49689","127.0.0.1","49690","Established","9000","updater",,"4/12/2026 12:33:44"
"127.0.0.1","49681","127.0.0.1","9772","Established","6660","aakore",,"4/12/2026 12:33:44"
"127.0.0.1","49676","127.0.0.1","9999","Established","9188","monitoring-mini",,"4/12/2026 12:33:44"
"127.0.0.1","49675","127.0.0.1","9999","Established","9188","monitoring-mini",,"4/12/2026 12:33:44"
"127.0.0.1","49674","127.0.0.1","52320","Established","9188","monitoring-mini",,"4/12/2026 16:59:47"
"127.0.0.1","49674","127.0.0.1","64360","Established","9188","monitoring-mini",,"4/12/2026 19:12:17"
"127.0.0.1","49674","0.0.0.0","0","Listen","9188","monitoring-mini",,"4/12/2026 12:33:44"
"127.0.0.1","49673","127.0.0.1","55707","Established","9096","task-manager",,"4/12/2026 12:50:29"
"127.0.0.1","49673","0.0.0.0","0","Listen","9096","task-manager",,"4/12/2026 12:33:44"
"0.0.0.0","49668","0.0.0.0","0","Listen","5288","spoolsv",,"4/12/2026 12:33:43"
"0.0.0.0","49667","0.0.0.0","0","Listen","3796","svchost",,"4/12/2026 12:33:43"
"0.0.0.0","49666","0.0.0.0","0","Listen","2908","svchost",,"4/12/2026 12:33:43"
"0.0.0.0","49665","0.0.0.0","0","Listen","1912","wininit",,"4/12/2026 12:33:43"
"0.0.0.0","49664","0.0.0.0","0","Listen","1284","lsass",,"4/12/2026 12:33:43"
"0.0.0.0","49605","0.0.0.0","0","Listen","39796","Spotify","C:\Program Files\WindowsApps\SpotifyAB.SpotifyMusic_1.286.502.0_x64__zpdnekdrzrea0\Spotify.exe","4/12/2026 12:34:40"
"127.0.0.1","49173","127.0.0.1","5010","TimeWait","0","Idle",,"12/31/1600 19:00:00"
"192.168.1.17","49171","140.82.113.25","443","Established","18240","brave","C:\Program Files\BraveSoftware\Brave-Browser\Application\brave.exe","4/12/2026 19:02:04"
"127.0.0.1","49154","127.0.0.1","49152","Established","35992","Grammarly.Desktop","C:\Users\Nebula\AppData\Local\Grammarly\DesktopIntegrations\Grammarly.Desktop.exe","4/12/2026 12:34:35"
"127.0.0.1","49152","127.0.0.1","49154","Established","37372","Grammarly.WebUI","C:\Users\Nebula\AppData\Local\Grammarly\DesktopIntegrations\Grammarly.WebUI.exe","4/12/2026 12:34:35"
"127.0.0.1","49152","0.0.0.0","0","Listen","37372","Grammarly.WebUI","C:\Users\Nebula\AppData\Local\Grammarly\DesktopIntegrations\Grammarly.WebUI.exe","4/12/2026 12:34:35"
"127.0.0.1","45654","0.0.0.0","0","Listen","34592","lghub_agent","C:\Program Files\LGHUB\lghub_agent.exe","4/12/2026 12:34:29"
"127.0.0.1","33683","0.0.0.0","0","Listen","12868","MSI.CentralServer",,"4/12/2026 12:33:48"
"127.0.0.1","32683","127.0.0.1","58700","TimeWait","0","Idle",,"12/31/1600 19:00:00"
"127.0.0.1","32683","127.0.0.1","64187","TimeWait","0","Idle",,"12/31/1600 19:00:00"
"127.0.0.1","32683","127.0.0.1","58694","TimeWait","0","Idle",,"12/31/1600 19:00:00"
"127.0.0.1","32683","127.0.0.1","64326","TimeWait","0","Idle",,"12/31/1600 19:00:00"
"127.0.0.1","32683","127.0.0.1","60289","TimeWait","0","Idle",,"12/31/1600 19:00:00"
"127.0.0.1","32683","127.0.0.1","58718","TimeWait","0","Idle",,"12/31/1600 19:00:00"
"127.0.0.1","32683","127.0.0.1","64174","TimeWait","0","Idle",,"12/31/1600 19:00:00"
"127.0.0.1","32683","127.0.0.1","60275","TimeWait","0","Idle",,"12/31/1600 19:00:00"
"127.0.0.1","32683","0.0.0.0","0","Listen","12868","MSI.CentralServer",,"4/12/2026 12:33:48"
"127.0.0.1","30630","127.0.0.1","58345","Established","9164","bckp_amgr",,"4/12/2026 19:12:36"
"127.0.0.1","30630","0.0.0.0","0","Listen","9164","bckp_amgr",,"4/12/2026 12:33:44"
"0.0.0.0","30002","0.0.0.0","0","Listen","6976","ToolkitService",,"4/12/2026 12:33:44"
"127.0.0.1","26822","0.0.0.0","0","Listen","24628","MSI.TerminalServer",,"4/12/2026 12:34:02"
"0.0.0.0","19999","0.0.0.0","0","Listen","32416","Toolkit","C:\Program Files (x86)\Toolkit\Toolkit.exe","4/12/2026 12:34:23"
"127.0.0.1","18019","0.0.0.0","0","Listen","9000","updater",,"4/12/2026 12:33:44"
"127.0.0.1","9999","127.0.0.1","58348","Established","6660","aakore",,"4/12/2026 19:12:39"
"127.0.0.1","9999","127.0.0.1","63011","Established","6660","aakore",,"4/12/2026 18:12:15"
"127.0.0.1","9999","127.0.0.1","55711","Established","6660","aakore",,"4/12/2026 12:50:29"
"127.0.0.1","9999","127.0.0.1","49717","Established","6660","aakore",,"4/12/2026 13:29:36"
"127.0.0.1","9999","127.0.0.1","55705","Established","6660","aakore",,"4/12/2026 12:50:28"
"127.0.0.1","9999","127.0.0.1","49676","Established","6660","aakore",,"4/12/2026 12:33:44"
"127.0.0.1","9999","127.0.0.1","55698","Established","6660","aakore",,"4/12/2026 12:50:27"
"127.0.0.1","9999","127.0.0.1","49675","Established","6660","aakore",,"4/12/2026 12:33:44"
"127.0.0.1","9999","127.0.0.1","64169","Established","6660","aakore",,"4/12/2026 19:10:40"
"127.0.0.1","9999","0.0.0.0","0","Listen","6660","aakore",,"4/12/2026 12:33:44"
"127.0.0.1","9772","127.0.0.1","49681","Established","7856","adp-agent",,"4/12/2026 12:33:44"
"127.0.0.1","9772","0.0.0.0","0","Listen","7856","adp-agent",,"4/12/2026 12:33:44"
"127.0.0.1","9247","0.0.0.0","0","Listen","5360","nordvpn-service",,"4/12/2026 12:34:02"
"127.0.0.1","9180","0.0.0.0","0","Listen","6812","lghub_updater",,"4/12/2026 12:33:44"
"127.0.0.1","9010","0.0.0.0","0","Listen","34592","lghub_agent","C:\Program Files\LGHUB\lghub_agent.exe","4/12/2026 12:34:29"
"127.0.0.1","7768","127.0.0.1","53203","Established","39796","Spotify","C:\Program Files\WindowsApps\SpotifyAB.SpotifyMusic_1.286.502.0_x64__zpdnekdrzrea0\Spotify.exe","4/12/2026 12:34:45"
"127.0.0.1","7768","0.0.0.0","0","Listen","39796","Spotify","C:\Program Files\WindowsApps\SpotifyAB.SpotifyMusic_1.286.502.0_x64__zpdnekdrzrea0\Spotify.exe","4/12/2026 12:34:39"
"0.0.0.0","6888","0.0.0.0","0","Listen","9000","updater",,"4/12/2026 12:33:44"
"127.0.0.1","6328","0.0.0.0","0","Listen","26216","SteelSeriesGG",,"4/12/2026 12:34:04"
"127.0.0.1","6327","127.0.0.1","65014","Established","26216","SteelSeriesGG",,"4/12/2026 12:34:05"
"127.0.0.1","6327","127.0.0.1","65190","Established","26216","SteelSeriesGG",,"4/12/2026 12:34:07"
"127.0.0.1","6327","127.0.0.1","62472","Established","26216","SteelSeriesGG",,"4/12/2026 18:03:20"
"127.0.0.1","6327","127.0.0.1","64173","Established","26216","SteelSeriesGG",,"4/12/2026 19:10:44"
"127.0.0.1","6327","127.0.0.1","65011","Established","26216","SteelSeriesGG",,"4/12/2026 12:34:04"
"127.0.0.1","6327","127.0.0.1","65201","Established","26216","SteelSeriesGG",,"4/12/2026 12:34:08"
"127.0.0.1","6327","127.0.0.1","65199","Established","26216","SteelSeriesGG",,"4/12/2026 12:34:08"
"127.0.0.1","6327","127.0.0.1","62597","Established","26216","SteelSeriesGG",,"4/12/2026 18:04:06"
"127.0.0.1","6327","127.0.0.1","65010","Established","26216","SteelSeriesGG",,"4/12/2026 12:34:04"
"127.0.0.1","6327","127.0.0.1","65016","Established","26216","SteelSeriesGG",,"4/12/2026 12:34:05"
"127.0.0.1","6327","0.0.0.0","0","Listen","26216","SteelSeriesGG",,"4/12/2026 12:34:04"
"0.0.0.0","5040","0.0.0.0","0","Listen","13788","svchost",,"4/12/2026 12:33:46"
"127.0.0.1","5010","0.0.0.0","0","Listen","28864","python","C:\Users\Nebula\AppData\Local\Programs\Python\Python312\python.exe","4/12/2026 18:34:36"
"0.0.0.0","5005","0.0.0.0","0","Listen","14132","python","C:\Users\Nebula\AppData\Local\Programs\Python\Python312\python.exe","4/12/2026 18:35:25"
"127.0.0.1","5004","0.0.0.0","0","Listen","44224","python","C:\Users\Nebula\AppData\Local\Programs\Python\Python312\python.exe","4/12/2026 18:35:39"
"127.0.0.1","5003","0.0.0.0","0","Listen","20400","python","C:\Users\Nebula\AppData\Local\Programs\Python\Python312\python.exe","4/12/2026 18:36:08"
"127.0.0.1","5002","0.0.0.0","0","Listen","17744","python","C:\Users\Nebula\AppData\Local\Programs\Python\Python312\python.exe","4/12/2026 18:48:37"
"0.0.0.0","5001","0.0.0.0","0","Listen","47292","python","C:\Users\Nebula\AppData\Local\Programs\Python\Python312\python.exe","4/12/2026 18:38:54"
"0.0.0.0","5000","0.0.0.0","0","Listen","47800","python","C:\Users\Nebula\AppData\Local\Programs\Python\Python312\python.exe","4/12/2026 18:33:57"
"0.0.0.0","912","0.0.0.0","0","Listen","6908","vmware-authd",,"4/12/2026 12:33:44"
"0.0.0.0","902","0.0.0.0","0","Listen","6908","vmware-authd",,"4/12/2026 12:33:44"
"192.168.246.1","139","0.0.0.0","0","Listen","4","System",,"4/12/2026 12:33:37"
"192.168.56.1","139","0.0.0.0","0","Listen","4","System",,"4/12/2026 12:33:37"
"192.168.46.1","139","0.0.0.0","0","Listen","4","System",,"4/12/2026 12:42:05"
"192.168.1.17","139","0.0.0.0","0","Listen","4","System",,"4/12/2026 12:33:43"
"10.5.0.2","139","0.0.0.0","0","Listen","4","System",,"4/12/2026 12:34:05"
"0.0.0.0","135","0.0.0.0","0","Listen","2260","svchost",,"4/12/2026 12:33:43"
