"Name","DisplayName","PathName","State","StartMode","Description"
"1394ohci","1394 OHCI Compliant Host Controller","C:\WINDOWS\system32\drivers\1394ohci.sys","Stopped","Manual","1394 OHCI Compliant Host Controller"
"3ware","3ware","C:\WINDOWS\system32\drivers\3ware.sys","Stopped","Manual","3ware"
"ACPI","Microsoft ACPI Driver","C:\WINDOWS\system32\drivers\ACPI.sys","Running","Boot","Microsoft ACPI Driver"
"AcpiAudioCompositorInbox","ACPI Audio Compositor Driver","C:\WINDOWS\system32\DriverStore\FileRepository\acpiaudiocompositor.inf_amd64_047f553a6f70b169\AcpiAudioCompositor.sys","Stopped","Manual","ACPI Audio Compositor Driver"
"AcpiDev","ACPI Devices driver","C:\WINDOWS\system32\drivers\AcpiDev.sys","Stopped","Manual","ACPI Devices driver"
"acpiex","Microsoft ACPIEx Driver","C:\WINDOWS\system32\Drivers\acpiex.sys","Running","Boot","Microsoft ACPIEx Driver"
"acpipagr","ACPI Processor Aggregator Driver","C:\WINDOWS\system32\DriverStore\FileRepository\acpipagr.inf_amd64_d1093347a27ff89c\acpipagr.sys","Stopped","Manual","ACPI Processor Aggregator Driver"
"AcpiPmi","ACPI Power Meter Driver","C:\WINDOWS\system32\DriverStore\FileRepository\acpipmi.inf_amd64_3ced06eb61dcc792\acpipmi.sys","Stopped","Manual","ACPI Power Meter Driver"
"acpitime","ACPI Wake Alarm Driver","C:\WINDOWS\system32\drivers\acpitime.sys","Stopped","Manual","ACPI Wake Alarm Driver"
"Acx01000","Acx01000","C:\WINDOWS\system32\drivers\Acx01000.sys","Stopped","Manual","Acx01000"
"ADP80XX","ADP80XX","C:\WINDOWS\system32\drivers\ADP80XX.SYS","Stopped","Manual","ADP80XX"
"AFD","Ancillary Function Driver for Winsock","C:\WINDOWS\system32\drivers\afd.sys","Running","System","Ancillary Function Driver for Winsock"
"afunix","afunix","C:\WINDOWS\system32\drivers\afunix.sys","Running","System","afunix"
"ahcache","Application Compatibility Cache","C:\WINDOWS\system32\DRIVERS\ahcache.sys","Running","System","Application Compatibility Cache"
"AmdAppCompat","AMD Application Compatibility Database","C:\WINDOWS\system32\DriverStore\FileRepository\amdappcompat.inf_amd64_0cfc8ba812cdbaa8\AmdAppCompat.sys","Running","Manual","AMD Application Compatibility Database"
"amdfendr","AMD Crash Defender Driver","C:\WINDOWS\system32\DriverStore\FileRepository\amdfendr.inf_amd64_9bbf7ce85091da4a\amdfendr.sys","Running","Manual","AMD Crash Defender Driver"
"amdfendrmgr","AMD Crash Defender Manager Driver","C:\WINDOWS\system32\DriverStore\FileRepository\amdfendr.inf_amd64_9bbf7ce85091da4a\amdfendrmgr.sys","Running","Manual","AMD Crash Defender Manager Driver"
"amdgpio2","AMD GPIO Client Driver","C:\WINDOWS\system32\drivers\amdgpio2.sys","Running","Manual","AMD GPIO Client Driver"
"amdgpio3","AMD GPIO Client Driver","C:\WINDOWS\system32\drivers\amdgpio3.sys","Running","Manual","AMD GPIO Client Driver"
"amdi2c","AMD I2C Controller Service","C:\WINDOWS\system32\drivers\amdi2c.sys","Running","Manual","AMD I2C Controller Service"
"AmdK8","AMD K8 Processor Driver","C:\WINDOWS\system32\drivers\amdk8.sys","Stopped","Manual","AMD K8 Processor Driver"
"AMDPCIDev","AMD PCI","C:\WINDOWS\system32\drivers\AMDPCIDev.sys","Stopped","Manual","AMD PCI"
"AmdPpkg","AMD Provisioning Packages","C:\WINDOWS\system32\DriverStore\FileRepository\amdppkg.inf_amd64_2e5ec3779d1804d1\AmdPpkg.sys","Running","Manual","AMD Provisioning Packages"
"AmdPPM","AMD Processor Driver","C:\WINDOWS\system32\drivers\amdppm.sys","Running","Manual","AMD Processor Driver"
"amdpsp","AMD PSP Service","C:\WINDOWS\system32\drivers\amdpsp.sys","Running","Boot","AMD PSP Service"
"AMDRyzenMasterDriverV26","AMDRyzenMasterDriverV26","\??\C:\Program Files\AMD\Performance Profile Client\AMDRyzenMasterDriver.sys","Running","Auto","AMDRyzenMasterDriverV26"
"AMDRyzenMasterDriverV27","AMDRyzenMasterDriverV27","\??\C:\Program Files\AMD\RyzenMaster\bin\AMDRyzenMasterDriver.sys","Running","Auto","AMDRyzenMasterDriverV27"
"AMDRyzenMasterDriverV29","AMDRyzenMasterDriverV29","\??\C:\Program Files\AMD\RyzenMasterSDK\bin\AMDRyzenMasterDriver.sys","Running","Auto","AMDRyzenMasterDriverV29"
"amdsata","amdsata","C:\WINDOWS\system32\drivers\amdsata.sys","Stopped","Manual","amdsata"
"amdsbs","amdsbs","C:\WINDOWS\system32\drivers\amdsbs.sys","Stopped","Manual","amdsbs"
"AmdTools64","AMD Special Tools Driver","C:\WINDOWS\system32\drivers\AmdTools64.sys","Stopped","Manual","AMD Special Tools Driver"
"amduw23g-195698-fece65a5","amduw23g-195698-fece65a5","C:\WINDOWS\system32\DriverStore\FileRepository\u0195698.inf_amd64_480d395d3459e71d\B025498\amdkmdag.sys","Running","Manual","amduw23g-195698-fece65a5"
"amdwps","AMD Workload Profiling Scheduling Driver","C:\WINDOWS\system32\drivers\amdwps.sys","Running","Boot","AMD Workload Profiling Scheduling Driver"
"amdxata","amdxata","C:\WINDOWS\system32\drivers\amdxata.sys","Stopped","Manual","amdxata"
"AMDXE","AMD Controller Emulation","C:\WINDOWS\system32\drivers\amdxe.sys","Running","Manual","AMD Controller Emulation"
"AppID","AppID Driver","C:\WINDOWS\system32\drivers\appid.sys","Stopped","Manual","AppID Driver"
"AppleLowerFilter","Apple Lower Filter Driver","C:\WINDOWS\system32\drivers\AppleLowerFilter.sys","Stopped","Manual","Apple Lower Filter Driver"
"AppleSSD","Apple Solid State Drive Device","C:\WINDOWS\system32\drivers\AppleSSD.sys","Stopped","Manual","Apple Solid State Drive Device"
"applockerfltr","Smartlocker Filter Driver","C:\WINDOWS\system32\drivers\applockerfltr.sys","Stopped","Manual","Smartlocker Filter Driver"
"AppvStrm","AppvStrm","C:\WINDOWS\system32\drivers\AppvStrm.sys","Stopped","Manual","AppvStrm"
"AppvVemgr","AppvVemgr","C:\WINDOWS\system32\drivers\AppvVemgr.sys","Stopped","Manual","AppvVemgr"
"AppvVfs","AppvVfs","C:\WINDOWS\system32\drivers\AppvVfs.sys","Stopped","Manual","AppvVfs"
"arcsas","Adaptec SAS/SATA-II RAID Storport's Miniport Driver","C:\WINDOWS\system32\drivers\arcsas.sys","Stopped","Manual","Adaptec SAS/SATA-II RAID Storport's Miniport Driver"
"AsyncMac","RAS Asynchronous Media Driver","C:\WINDOWS\system32\drivers\asyncmac.sys","Stopped","Manual","RAS Asynchronous Media Driver"
"atapi","IDE Channel","C:\WINDOWS\system32\drivers\atapi.sys","Stopped","Manual","IDE Channel"
"AtiHDAudioService","AMD Function Driver for HD Audio Service","C:\WINDOWS\system32\DriverStore\FileRepository\atihdwt6.inf_amd64_76dcade1eff04982\AtihdWT6.sys","Running","Manual","AMD Function Driver for HD Audio Service"
"b06bdrv","QLogic Network Adapter VBD","C:\WINDOWS\system32\drivers\bxvbda.sys","Stopped","Manual","QLogic Network Adapter VBD"
"bam","Background Activity Moderator Driver","C:\WINDOWS\system32\drivers\bam.sys","Running","System","Background Activity Moderator Driver"
"BasicDisplay","BasicDisplay","C:\WINDOWS\system32\DriverStore\FileRepository\basicdisplay.inf_amd64_2753efdbb0d9a226\BasicDisplay.sys","Running","System","BasicDisplay"
"BasicRender","BasicRender","C:\WINDOWS\system32\DriverStore\FileRepository\basicrender.inf_amd64_223b29e9cbd5a3a3\BasicRender.sys","Running","System","BasicRender"
"bcmfn2","bcmfn2 Service","C:\WINDOWS\system32\drivers\bcmfn2.sys","Stopped","Manual","bcmfn2 Service"
"Beep","Beep","C:\WINDOWS\system32\drivers\Beep.sys","Running","System","Beep"
"bfs","Brokering File System","C:\WINDOWS\system32\drivers\bfs.sys","Running","Auto","Brokering File System"
"bindflt","Windows Bind Filter Driver","C:\WINDOWS\system32\drivers\bindflt.sys","Running","Auto","Windows Bind Filter Driver"
"bowser","Browser","C:\WINDOWS\system32\DRIVERS\bowser.sys","Running","Manual","Browser"
"BtFilter","BtFilter","C:\WINDOWS\system32\drivers\btfilter.sys","Running","Manual","BtFilter"
"BthA2dp","Microsoft Bluetooth A2dp driver","C:\WINDOWS\system32\drivers\BthA2dp.sys","Running","Manual","Microsoft Bluetooth A2dp driver"
"BthEnum","Bluetooth Enumerator Service","C:\WINDOWS\system32\drivers\BthEnum.sys","Running","Manual","Bluetooth Enumerator Service"
"BthHFAud","Microsoft Bluetooth Hands-Free Audio driver","C:\WINDOWS\system32\drivers\BthHfAud.sys","Running","Manual","Microsoft Bluetooth Hands-Free Audio driver"
"BthHFEnum","Microsoft Bluetooth Hands-Free Profile driver","C:\WINDOWS\system32\drivers\bthhfenum.sys","Running","Manual","Microsoft Bluetooth Hands-Free Profile driver"
"BthLEEnum","Bluetooth Low Energy Driver","C:\WINDOWS\system32\drivers\Microsoft.Bluetooth.Legacy.LEEnumerator.sys","Running","Manual","Bluetooth Low Energy Driver"
"BthMini","Bluetooth Radio Driver","C:\WINDOWS\system32\drivers\BTHMINI.sys","Stopped","Manual","Bluetooth Radio Driver"
"BTHMODEM","Bluetooth Modem Communications Driver","C:\WINDOWS\system32\drivers\bthmodem.sys","Stopped","Manual","Bluetooth Modem Communications Driver"
"BthPan","Bluetooth Device (Personal Area Network)","C:\WINDOWS\system32\drivers\bthpan.sys","Running","Manual","Bluetooth Device (Personal Area Network)"
"BTHPORT","Bluetooth Port Driver","C:\WINDOWS\system32\drivers\BTHport.sys","Running","Manual","Bluetooth Port Driver"
"BTHUSB","Bluetooth Radio USB Driver","C:\WINDOWS\system32\drivers\BTHUSB.sys","Running","Manual","Bluetooth Radio USB Driver"
"bttflt","Microsoft Hyper-V VHDPMEM BTT Filter","C:\WINDOWS\system32\drivers\bttflt.sys","Stopped","Manual","Microsoft Hyper-V VHDPMEM BTT Filter"
"buttonconverter","Service for Portable Device Control devices","C:\WINDOWS\system32\drivers\buttonconverter.sys","Stopped","Manual","Service for Portable Device Control devices"
"CAD","Charge Arbitration Driver","C:\WINDOWS\system32\drivers\CAD.sys","Stopped","Manual","Charge Arbitration Driver"
"CDD","Canonical Display Driver","C:\WINDOWS\system32\cdd.dll","Running","Manual","Canonical Display Driver"
"cdfs","CD/DVD File System Reader","C:\WINDOWS\system32\DRIVERS\cdfs.sys","Stopped","Disabled","CD/DVD File System Reader"
"cdrom","CD-ROM Driver","C:\WINDOWS\system32\drivers\cdrom.sys","Running","System","CD-ROM Driver"
"cht4iscsi","cht4iscsi","C:\WINDOWS\system32\drivers\cht4sx64.sys","Stopped","Manual","cht4iscsi"
"cht4vbd","Chelsio Virtual Bus Driver","C:\WINDOWS\system32\drivers\cht4vx64.sys","Stopped","Manual","Chelsio Virtual Bus Driver"
"CimFS","CimFS","C:\WINDOWS\system32\drivers\CimFS.sys","Running","System","CimFS"
"circlass","Consumer IR Devices","C:\WINDOWS\system32\drivers\circlass.sys","Stopped","Manual","Consumer IR Devices"
"CldFlt","Windows Cloud Files Filter Driver","C:\WINDOWS\system32\drivers\cldflt.sys","Running","Auto","Windows Cloud Files Filter Driver"
"CLFS","Common Log (CLFS)","C:\WINDOWS\system32\drivers\CLFS.sys","Running","Boot","Common Log (CLFS)"
"CmBatt","Microsoft ACPI Control Method Battery Driver","C:\WINDOWS\system32\drivers\CmBatt.sys","Stopped","Manual","Microsoft ACPI Control Method Battery Driver"
"CNG","CNG","C:\WINDOWS\system32\Drivers\cng.sys","Running","Boot","CNG"
"cnghwassist","CNG Hardware Assist algorithm provider","C:\WINDOWS\system32\DRIVERS\cnghwassist.sys","Stopped","Disabled","CNG Hardware Assist algorithm provider"
"CompositeBus","Composite Bus Enumerator Driver","C:\WINDOWS\system32\DriverStore\FileRepository\compositebus.inf_amd64_8cf6fa9d3afdfa25\CompositeBus.sys","Running","Manual","Composite Bus Enumerator Driver"
"condrv","Console Driver","C:\WINDOWS\system32\drivers\condrv.sys","Running","Manual","Console Driver"
"CorsairVBusDriver","Corsair Bus","C:\WINDOWS\system32\drivers\CorsairVBusDriver.sys","Stopped","Manual","Corsair Bus"
"CorsairVHidDriver","Corsair virtual device","C:\WINDOWS\system32\drivers\CorsairVHidDriver.sys","Stopped","Manual","Corsair virtual device"
"CSC","Offline Files Driver","C:\WINDOWS\system32\drivers\csc.sys","Running","System","Offline Files Driver"
"dam","Desktop Activity Moderator Driver","C:\WINDOWS\system32\drivers\dam.sys","Stopped","System","Desktop Activity Moderator Driver"
"dc1-controller","Xbox Peripherals Driver","C:\WINDOWS\system32\drivers\dc1-controller.sys","Stopped","Manual","Xbox Peripherals Driver"
"DellInstrumentation","DellInstrumentation Service","C:\WINDOWS\system32\drivers\DellInstrumentation.sys","Running","Manual","DellInstrumentation Service"
"devmap","Usermode Device Mapper Service","C:\WINDOWS\system32\DriverStore\FileRepository\devmap.inf_amd64_1993197f4612e967\devmap.sys","Stopped","Manual","Usermode Device Mapper Service"
"Dfsc","DFS Namespace Client Driver","C:\WINDOWS\system32\Drivers\dfsc.sys","Running","System","DFS Namespace Client Driver"
"dg_ssudbus","SAMSUNG Mobile USB Composite Device Driver (DEVGURU Ver.)","C:\WINDOWS\system32\drivers\ssudbus2.sys","Stopped","Manual","SAMSUNG Mobile USB Composite Device Driver (DEVGURU Ver.)"
"disk","Disk Driver","C:\WINDOWS\system32\drivers\disk.sys","Running","Boot","Disk Driver"
"DisplayMux","Microsoft DisplayMux","C:\WINDOWS\system32\DriverStore\FileRepository\displaymux.inf_amd64_da65a70f0c3ce0f3\DisplayMux.sys","Stopped","Manual","Microsoft DisplayMux"
"dmvsc","dmvsc","C:\WINDOWS\system32\drivers\dmvsc.sys","Stopped","Manual","dmvsc"
"DPMDriver","Dell Peripheral Manager Driver Service","C:\WINDOWS\system32\drivers\DPMDriver.sys","Running","Manual","Dell Peripheral Manager Driver Service"
"drmkaud","Microsoft Trusted Audio Drivers","C:\WINDOWS\system32\drivers\drmkaud.sys","Stopped","Manual","Microsoft Trusted Audio Drivers"
"duetbus","Duet Static Bus Enumerator","C:\WINDOWS\system32\DriverStore\FileRepository\duetbus.inf_amd64_66e44262fc0dd065\duetbus.sys","Stopped","Manual","Duet Static Bus Enumerator"
"DuetWPDFilter","Duet Display WPD Filter Driver","C:\WINDOWS\system32\drivers\DuetWPDFilter.sys","Running","Manual","Duet Display WPD Filter Driver"
"DXGKrnl","LDDM Graphics Subsystem","C:\WINDOWS\system32\drivers\dxgkrnl.sys","Running","Boot","LDDM Graphics Subsystem"
"ebdrv","QLogic 10 Gigabit Ethernet Adapter VBD","C:\WINDOWS\system32\drivers\evbda.sys","Stopped","Manual","QLogic 10 Gigabit Ethernet Adapter VBD"
"ebdrv0","QLogic Legacy Ethernet Adapter VBD","C:\WINDOWS\system32\drivers\evbd0a.sys","Stopped","Manual","QLogic Legacy Ethernet Adapter VBD"
"EhStorClass","Enhanced Storage Filter Driver","C:\WINDOWS\system32\drivers\EhStorClass.sys","Running","Boot","Enhanced Storage Filter Driver"
"EhStorTcgDrv","Microsoft driver for storage devices supporting IEEE 1667 and TCG protocols","C:\WINDOWS\system32\drivers\EhStorTcgDrv.sys","Stopped","Manual","Microsoft driver for storage devices supporting IEEE 1667 and TCG protocols"
"ErrDev","Microsoft Hardware Error Device Driver","C:\WINDOWS\system32\drivers\errdev.sys","Stopped","Manual","Microsoft Hardware Error Device Driver"
"ExecutionContext","CPU Scheduler for High Performance I/O","C:\WINDOWS\system32\Drivers\ExecutionContext.sys","Running","Manual","CPU Scheduler for High Performance I/O"
"exfat","exFAT File System Driver","C:\WINDOWS\system32\drivers\exfat.sys","Stopped","Manual","exFAT File System Driver"
"fastfat","FAT12/16/32 File System Driver","C:\WINDOWS\system32\drivers\fastfat.sys","Running","Manual","FAT12/16/32 File System Driver"
"fdc","Floppy Disk Controller Driver","C:\WINDOWS\system32\drivers\fdc.sys","Stopped","Manual","Floppy Disk Controller Driver"
"FileCrypt","FileCrypt","C:\WINDOWS\system32\drivers\filecrypt.sys","Running","System","FileCrypt"
"FileInfo","File Information FS MiniFilter","C:\WINDOWS\system32\drivers\fileinfo.sys","Running","Boot","File Information FS MiniFilter"
"Filetrace","Filetrace","C:\WINDOWS\system32\drivers\filetrace.sys","Stopped","Manual","Filetrace"
"file_tracker","Acronis File Tracker Driver","C:\WINDOWS\system32\DRIVERS\file_tracker.sys","Running","Boot","Acronis File Tracker Driver"
"flpydisk","Floppy Disk Driver","C:\WINDOWS\system32\drivers\flpydisk.sys","Stopped","Manual","Floppy Disk Driver"
"FltMgr","FltMgr","C:\WINDOWS\system32\drivers\fltmgr.sys","Running","Boot","FltMgr"
"fltsrv","Acronis Storage Filter Management","C:\WINDOWS\system32\DRIVERS\fltsrv.sys","Running","Boot","Acronis Storage Filter Management"
"FsDepends","File System Dependency Minifilter","C:\WINDOWS\system32\drivers\FsDepends.sys","Stopped","Manual","File System Dependency Minifilter"
"FTDIBUS","USB Serial Converter Driver","C:\WINDOWS\system32\drivers\ftdibus.sys","Stopped","Manual","USB Serial Converter Driver"
"fvevol","BitLocker Drive Encryption Filter Driver","C:\WINDOWS\system32\DRIVERS\fvevol.sys","Running","Boot","BitLocker Drive Encryption Filter Driver"
"gameflt","gameflt","C:\WINDOWS\system32\DriverStore\FileRepository\gameflt.inf_amd64_152b7ad8bf20bdc5\gameflt.sys","Stopped","Manual","gameflt"
"gencounter","Microsoft Hyper-V Generation Counter","C:\WINDOWS\system32\drivers\vmgencounter.sys","Stopped","Manual","Microsoft Hyper-V Generation Counter"
"genericusbfn","Generic USB Function Class","C:\WINDOWS\system32\DriverStore\FileRepository\genericusbfn.inf_amd64_71c810ddc0116541\genericusbfn.sys","Stopped","Manual","Generic USB Function Class"
"GenPass","Microsoft GenPass Driver","C:\WINDOWS\system32\DriverStore\FileRepository\genpass.inf_amd64_0c82d80c9252c9bd\genpass.sys","Stopped","Manual","Microsoft GenPass Driver"
"GPIOClx0101","Microsoft GPIO Class Extension Driver","C:\WINDOWS\system32\Drivers\msgpioclx.sys","Running","Manual","Microsoft GPIO Class Extension Driver"
"hcmon","VMware hcmon","C:\WINDOWS\system32\DRIVERS\hcmon.sys","Running","Auto","VMware hcmon"
"HdAudAddService","Microsoft 1.1 UAA Function Driver for High Definition Audio Service","C:\WINDOWS\system32\drivers\HdAudio.sys","Stopped","Manual","Microsoft 1.1 UAA Function Driver for High Definition Audio Service"
"HDAudBus","Microsoft UAA Bus Driver for High Definition Audio","C:\WINDOWS\system32\drivers\HDAudBus.sys","Running","Manual","Microsoft UAA Bus Driver for High Definition Audio"
"HidBatt","HID UPS Battery Driver","C:\WINDOWS\system32\drivers\HidBatt.sys","Stopped","Manual","HID UPS Battery Driver"
"HidBth","Microsoft Bluetooth HID Miniport","C:\WINDOWS\system32\drivers\hidbth.sys","Stopped","Manual","Microsoft Bluetooth HID Miniport"
"hidi2c","Microsoft I2C HID Miniport Driver","C:\WINDOWS\system32\drivers\hidi2c.sys","Stopped","Manual","Microsoft I2C HID Miniport Driver"
"hidinterrupt","Common Driver for HID Buttons implemented with interrupts","C:\WINDOWS\system32\drivers\hidinterrupt.sys","Stopped","Manual","Common Driver for HID Buttons implemented with interrupts"
"HidIr","Microsoft Infrared HID Driver","C:\WINDOWS\system32\drivers\hidir.sys","Stopped","Manual","Microsoft Infrared HID Driver"
"hidspi","Microsoft SPI HID Miniport Driver","C:\WINDOWS\system32\drivers\hidspi.sys","Stopped","Manual","Microsoft SPI HID Miniport Driver"
"HidSpiCx","HidSpi KMDF Class Extension","C:\WINDOWS\system32\drivers\HidSpiCx.sys","Stopped","Manual","HidSpi KMDF Class Extension"
"HidUsb","Microsoft HID Class Driver","C:\WINDOWS\system32\drivers\hidusb.sys","Running","Manual","Microsoft HID Class Driver"
"HpSAMD","HpSAMD","C:\WINDOWS\system32\drivers\HpSAMD.sys","Stopped","Manual","HpSAMD"
"Hsp","Microsoft Pluton Service","C:\WINDOWS\system32\drivers\Hsp.sys","Stopped","Manual","Microsoft Pluton Service"
"HTTP","HTTP Service","C:\WINDOWS\system32\drivers\HTTP.sys","Running","Manual","HTTP Service"
"hvcrash","hvcrash","C:\WINDOWS\system32\drivers\hvcrash.sys","Stopped","Disabled","hvcrash"
"hvservice","Microsoft Hypervisor Service Driver","C:\WINDOWS\system32\drivers\hvservice.sys","Running","Manual","Microsoft Hypervisor Service Driver"
"HwNClx0101","Microsoft Hardware Notifications Class Extension Driver","C:\WINDOWS\system32\Drivers\mshwnclx.sys","Stopped","Manual","Microsoft Hardware Notifications Class Extension Driver"
"hwpolicy","Hardware Policy Driver","C:\WINDOWS\system32\drivers\hwpolicy.sys","Stopped","Boot","Hardware Policy Driver"
"hyperkbd","hyperkbd","C:\WINDOWS\system32\drivers\hyperkbd.sys","Stopped","Manual","hyperkbd"
"HyperVideo","HyperVideo","C:\WINDOWS\system32\drivers\HyperVideo.sys","Stopped","Manual","HyperVideo"
"I3CHost","I3C Host Controller Service","C:\WINDOWS\system32\DriverStore\FileRepository\i3chost.inf_amd64_dddfc6dc1e7b8e75\i3chost.sys","Stopped","Manual","I3C Host Controller Service"
"i8042prt","i8042 Keyboard and PS/2 Mouse Port Driver","C:\WINDOWS\system32\drivers\i8042prt.sys","Stopped","Manual","i8042 Keyboard and PS/2 Mouse Port Driver"
"iagpio","Intel Serial IO GPIO Controller Driver","C:\WINDOWS\system32\drivers\iagpio.sys","Stopped","Manual","Intel Serial IO GPIO Controller Driver"
"iai2c","Intel(R) Serial IO I2C Host Controller","C:\WINDOWS\system32\drivers\iai2c.sys","Stopped","Manual","Intel(R) Serial IO I2C Host Controller"
"iaLPSS2i_GPIO2","Intel(R) Serial IO GPIO Driver v2","C:\WINDOWS\system32\drivers\iaLPSS2i_GPIO2.sys","Stopped","Manual","Intel(R) Serial IO GPIO Driver v2"
"iaLPSS2i_GPIO2_BXT_P","Intel(R) Serial IO GPIO Driver v2","C:\WINDOWS\system32\drivers\iaLPSS2i_GPIO2_BXT_P.sys","Stopped","Manual","Intel(R) Serial IO GPIO Driver v2"
"iaLPSS2i_GPIO2_CNL","Intel(R) Serial IO GPIO Driver v2","C:\WINDOWS\system32\drivers\iaLPSS2i_GPIO2_CNL.sys","Stopped","Manual","Intel(R) Serial IO GPIO Driver v2"
"iaLPSS2i_GPIO2_GLK","Intel(R) Serial IO GPIO Driver v2","C:\WINDOWS\system32\drivers\iaLPSS2i_GPIO2_GLK.sys","Stopped","Manual","Intel(R) Serial IO GPIO Driver v2"
"iaLPSS2i_I2C","Intel(R) Serial IO I2C Driver v2","C:\WINDOWS\system32\drivers\iaLPSS2i_I2C.sys","Stopped","Manual","Intel(R) Serial IO I2C Driver v2"
"iaLPSS2i_I2C_BXT_P","Intel(R) Serial IO I2C Driver v2","C:\WINDOWS\system32\drivers\iaLPSS2i_I2C_BXT_P.sys","Stopped","Manual","Intel(R) Serial IO I2C Driver v2"
"iaLPSS2i_I2C_CNL","Intel(R) Serial IO I2C Driver v2","C:\WINDOWS\system32\drivers\iaLPSS2i_I2C_CNL.sys","Stopped","Manual","Intel(R) Serial IO I2C Driver v2"
"iaLPSS2i_I2C_GLK","Intel(R) Serial IO I2C Driver v2","C:\WINDOWS\system32\drivers\iaLPSS2i_I2C_GLK.sys","Stopped","Manual","Intel(R) Serial IO I2C Driver v2"
"iaLPSSi_GPIO","Intel(R) Serial IO GPIO Controller Driver","C:\WINDOWS\system32\drivers\iaLPSSi_GPIO.sys","Stopped","Manual","Intel(R) Serial IO GPIO Controller Driver"
"iaLPSSi_I2C","Intel(R) Serial IO I2C Controller Driver","C:\WINDOWS\system32\drivers\iaLPSSi_I2C.sys","Stopped","Manual","Intel(R) Serial IO I2C Controller Driver"
"iaStorAVC","Intel Chipset SATA RAID Controller","C:\WINDOWS\system32\drivers\iaStorAVC.sys","Stopped","Manual","Intel Chipset SATA RAID Controller"
"iaStorV","Intel RAID Controller Windows 7","C:\WINDOWS\system32\drivers\iaStorV.sys","Stopped","Manual","Intel RAID Controller Windows 7"
"ibbus","Mellanox InfiniBand Bus/AL (Filter Driver)","C:\WINDOWS\system32\drivers\ibbus.sys","Stopped","Manual","Mellanox InfiniBand Bus/AL (Filter Driver)"
"IndirectKmd","Indirect Displays Kernel-Mode Driver","C:\WINDOWS\system32\drivers\IndirectKmd.sys","Stopped","Manual","Indirect Displays Kernel-Mode Driver"
"IntcAzAudAddService","Service for Realtek HD Audio (WDM)","C:\WINDOWS\system32\DriverStore\FileRepository\hdxmsi.inf_amd64_10fc6b93c9326c04\RTKVHD64.sys","Running","Manual","Service for Realtek HD Audio (WDM)"
"intelide","intelide","C:\WINDOWS\system32\drivers\intelide.sys","Stopped","Manual","intelide"
"intelpep","Intel(R) Power Engine Plug-in Driver","C:\WINDOWS\system32\drivers\intelpep.sys","Running","Boot","Intel(R) Power Engine Plug-in Driver"
"intelpmax","Intel(R) Dynamic Device Peak Power Manager Driver","C:\WINDOWS\system32\drivers\intelpmax.sys","Stopped","Manual","Intel(R) Dynamic Device Peak Power Manager Driver"
"IntelPMT","Intel(R) Platform Monitoring Technology Service","C:\WINDOWS\system32\drivers\IntelPMT.sys","Running","Boot","Intel(R) Platform Monitoring Technology Service"
"intelppm","Intel Processor Driver","C:\WINDOWS\system32\drivers\intelppm.sys","Stopped","Manual","Intel Processor Driver"
"iorate","Disk I/O Rate Filter Driver","C:\WINDOWS\system32\drivers\iorate.sys","Running","Boot","Disk I/O Rate Filter Driver"
"IpFilterDriver","IP Traffic Filter Driver","C:\WINDOWS\system32\DRIVERS\ipfltdrv.sys","Stopped","Manual","IP Traffic Filter Driver"
"IPMIDRV","IPMIDRV","C:\WINDOWS\system32\drivers\IPMIDrv.sys","Stopped","Manual","IPMIDRV"
"IPNAT","IP Network Address Translator","C:\WINDOWS\system32\drivers\ipnat.sys","Stopped","Manual","IP Network Address Translator"
"IPT","IPT","C:\WINDOWS\system32\drivers\ipt.sys","Stopped","Manual","IPT"
"isapnp","isapnp","C:\WINDOWS\system32\drivers\isapnp.sys","Stopped","Manual","isapnp"
"iScsiPrt","iScsiPort Driver","C:\WINDOWS\system32\drivers\msiscsi.sys","Stopped","Manual","iScsiPort Driver"
"ItSas35i","ItSas35i","C:\WINDOWS\system32\drivers\ItSas35i.sys","Stopped","Manual","ItSas35i"
"kbdclass","Keyboard Class Driver","C:\WINDOWS\system32\drivers\kbdclass.sys","Running","Manual","Keyboard Class Driver"
"kbdhid","Keyboard HID Driver","C:\WINDOWS\system32\drivers\kbdhid.sys","Running","Manual","Keyboard HID Driver"
"kbldfltr","kbldfltr","C:\WINDOWS\system32\drivers\kbldfltr.sys","Stopped","Manual","kbldfltr"
"kdnic","Microsoft Kernel Debug Network Miniport","C:\WINDOWS\system32\drivers\kdnic.sys","Running","Manual","Microsoft Kernel Debug Network Miniport"
"kdnic_legacy","Microsoft Kernel Debug Network Miniport (NDIS 6.20)","C:\WINDOWS\system32\drivers\kdnic_legacy.sys","Stopped","Manual","Microsoft Kernel Debug Network Miniport (NDIS 6.20)"
"KSecDD","KSecDD","C:\WINDOWS\system32\Drivers\ksecdd.sys","Running","Boot","KSecDD"
"KSecPkg","KSecPkg","C:\WINDOWS\system32\Drivers\ksecpkg.sys","Running","Boot","KSecPkg"
"KslD","KslD","C:\WINDOWS\system32\drivers\wd\KslD.sys","Running","Manual","KslD"
"ksthunk","Kernel Streaming Thunks","C:\WINDOWS\system32\drivers\ksthunk.sys","Running","Manual","Kernel Streaming Thunks"
"lltdio","Link-Layer Topology Discovery Mapper I/O Driver","C:\WINDOWS\system32\drivers\lltdio.sys","Running","Auto","Link-Layer Topology Discovery Mapper I/O Driver"
"logi_generic_hid_filter","Logitech G HUB KMDF HID IO Filter Driver","C:\WINDOWS\system32\drivers\logi_generic_hid_filter.sys","Stopped","Manual","Logitech G HUB KMDF HID IO Filter Driver"
"logi_joy_bus_enum","Logitech G HUB Virtual Bus Enumerator Driver","C:\WINDOWS\system32\drivers\logi_joy_bus_enum.x64.sys","Running","Manual","Logitech G HUB Virtual Bus Enumerator Driver"
"logi_joy_hid_filter","Logitech G HUB HID Filter Driver","C:\WINDOWS\system32\drivers\logi_joy_hid_filter.sys","Stopped","Manual","Logitech G HUB HID Filter Driver"
"logi_joy_hid_lo","Logitech G HUB USB Filter Driver","C:\WINDOWS\system32\drivers\logi_joy_hid_lo.sys","Stopped","Manual","Logitech G HUB USB Filter Driver"
"logi_joy_vir_hid","Logitech G HUB Virtual HID Device Driver","C:\WINDOWS\system32\drivers\logi_joy_vir_hid.x64.sys","Running","Manual","Logitech G HUB Virtual HID Device Driver"
"logi_joy_xlcore","Logitech G HUB Translation Layer Driver","C:\WINDOWS\system32\drivers\logi_joy_xlcore.x64.sys","Running","Manual","Logitech G HUB Translation Layer Driver"
"LSI_SAS","LSI_SAS","C:\WINDOWS\system32\drivers\lsi_sas.sys","Stopped","Manual","LSI_SAS"
"LSI_SAS2i","LSI_SAS2i","C:\WINDOWS\system32\drivers\lsi_sas2i.sys","Stopped","Manual","LSI_SAS2i"
"LSI_SAS3i","LSI_SAS3i","C:\WINDOWS\system32\drivers\lsi_sas3i.sys","Stopped","Manual","LSI_SAS3i"
"luafv","UAC File Virtualization","C:\WINDOWS\system32\drivers\luafv.sys","Running","Auto","UAC File Virtualization"
"mausbhost","MA-USB Host Controller Driver","C:\WINDOWS\system32\drivers\mausbhost.sys","Stopped","Manual","MA-USB Host Controller Driver"
"mausbip","MA-USB IP Filter Driver","C:\WINDOWS\system32\drivers\mausbip.sys","Stopped","Manual","MA-USB IP Filter Driver"
"MbamElam","MbamElam","C:\WINDOWS\system32\DRIVERS\MbamElam.sys","Stopped","Boot","MbamElam"
"MBAMSwissArmy","MBAMSwissArmy","C:\WINDOWS\system32\Drivers\mbamswissarmy.sys","Stopped","Manual","MBAMSwissArmy"
"MbbCx","MBB Network Adapter Class Extension","C:\WINDOWS\system32\drivers\MbbCx.sys","Stopped","Manual","MBB Network Adapter Class Extension"
"megasas2i","megasas2i","C:\WINDOWS\system32\drivers\MegaSas2i.sys","Stopped","Manual","megasas2i"
"megasas35i","megasas35i","C:\WINDOWS\system32\drivers\megasas35i.sys","Stopped","Manual","megasas35i"
"megasr","megasr","C:\WINDOWS\system32\drivers\megasr.sys","Stopped","Manual","megasr"
"Microsoft_Bluetooth_AvrcpTransport","Microsoft Bluetooth Avrcp Transport Driver","C:\WINDOWS\system32\drivers\Microsoft.Bluetooth.AvrcpTransport.sys","Running","Manual","Microsoft Bluetooth Avrcp Transport Driver"
"mlx4_bus","Mellanox ConnectX Bus Enumerator","C:\WINDOWS\system32\drivers\mlx4_bus.sys","Stopped","Manual","Mellanox ConnectX Bus Enumerator"
"MMCSS","Multimedia Class Scheduler","C:\WINDOWS\system32\drivers\mmcss.sys","Running","Auto","Multimedia Class Scheduler"
"Modem","Modem","C:\WINDOWS\system32\drivers\modem.sys","Stopped","Manual","Modem"
"monitor","Microsoft Monitor Class Function Driver Service","C:\WINDOWS\system32\drivers\monitor.sys","Running","Manual","Microsoft Monitor Class Function Driver Service"
"mouclass","Mouse Class Driver","C:\WINDOWS\system32\drivers\mouclass.sys","Running","Manual","Mouse Class Driver"
"mouhid","Mouse HID Driver","C:\WINDOWS\system32\drivers\mouhid.sys","Running","Manual","Mouse HID Driver"
"mountmgr","Mount Point Manager","C:\WINDOWS\system32\drivers\mountmgr.sys","Running","Boot","Mount Point Manager"
"mpi3drvi","mpi3drvi","C:\WINDOWS\system32\drivers\mpi3drvi.sys","Stopped","Manual","mpi3drvi"
"mpsdrv","Windows Defender Firewall Authorization Driver","C:\WINDOWS\system32\drivers\mpsdrv.sys","Running","Manual","Windows Defender Firewall Authorization Driver"
"MRxDAV","WebDav Client Redirector Driver","C:\WINDOWS\system32\drivers\mrxdav.sys","Stopped","Manual","WebDav Client Redirector Driver"
"mrxsmb","SMB MiniRedirector Wrapper and Engine","C:\WINDOWS\system32\DRIVERS\mrxsmb.sys","Running","Manual","SMB MiniRedirector Wrapper and Engine"
"mrxsmb20","SMB 2.0 MiniRedirector","C:\WINDOWS\system32\DRIVERS\mrxsmb20.sys","Running","Manual","SMB 2.0 MiniRedirector"
"MsBridge","Microsoft MAC Bridge","C:\WINDOWS\system32\drivers\bridge.sys","Stopped","Manual","Microsoft MAC Bridge"
"Msfs","Msfs","C:\WINDOWS\system32\drivers\Msfs.sys","Running","System","Msfs"
"msgpiowin32","Common Driver for Buttons, DockMode and Laptop/Slate Indicator","C:\WINDOWS\system32\drivers\msgpiowin32.sys","Stopped","Manual","Common Driver for Buttons, DockMode and Laptop/Slate Indicator"
"mshidkmdf","Pass-through HID to KMDF Filter Driver","C:\WINDOWS\system32\drivers\mshidkmdf.sys","Stopped","Manual","Pass-through HID to KMDF Filter Driver"
"mshidumdf","Pass-through HID to UMDF Driver","C:\WINDOWS\system32\drivers\mshidumdf.sys","Running","Manual","Pass-through HID to UMDF Driver"
"MSIO","MSIO","\??\C:\Windows\system32\drivers\MsIo64.sys","Running","System","MSIO"
"msisadrv","msisadrv","C:\WINDOWS\system32\drivers\msisadrv.sys","Running","Boot","msisadrv"
"MSKSSRV","Microsoft Streaming Service Proxy","C:\WINDOWS\system32\drivers\MSKSSRV.sys","Running","Manual","Microsoft Streaming Service Proxy"
"MsLldp","Microsoft Link-Layer Discovery Protocol","C:\WINDOWS\system32\drivers\mslldp.sys","Running","Auto","Microsoft Link-Layer Discovery Protocol"
"MSPCLOCK","Microsoft Streaming Clock Proxy","C:\WINDOWS\system32\drivers\MSPCLOCK.sys","Stopped","Manual","Microsoft Streaming Clock Proxy"
"MSPQM","Microsoft Streaming Quality Manager Proxy","C:\WINDOWS\system32\drivers\MSPQM.sys","Stopped","Manual","Microsoft Streaming Quality Manager Proxy"
"MsQuic","MsQuic","C:\WINDOWS\system32\drivers\msquic.sys","Stopped","Manual","MsQuic"
"MsQuicPrev","MSQUIC","C:\WINDOWS\system32\drivers\msquicprev.sys","Stopped","Manual","MSQUIC"
"MsRPC","MsRPC","C:\WINDOWS\system32\drivers\MsRPC.sys","Stopped","Manual","MsRPC"
"MsSecCore","Microsoft Security Core Boot Driver","C:\WINDOWS\system32\drivers\msseccore.sys","Running","Boot","Microsoft Security Core Boot Driver"
"MsSecFlt","Microsoft Security Events Component Minifilter","C:\WINDOWS\system32\drivers\mssecflt.sys","Stopped","Manual","Microsoft Security Events Component Minifilter"
"MsSecWfp","Microsoft Security WFP Callout Driver","C:\WINDOWS\system32\drivers\mssecwfp.sys","Stopped","Manual","Microsoft Security WFP Callout Driver"
"mssmbios","Microsoft System Management BIOS Driver","C:\WINDOWS\system32\drivers\mssmbios.sys","Running","System","Microsoft System Management BIOS Driver"
"MSTEE","Microsoft Streaming Tee/Sink-to-Sink Converter","C:\WINDOWS\system32\drivers\MSTEE.sys","Stopped","Manual","Microsoft Streaming Tee/Sink-to-Sink Converter"
"MTConfig","Microsoft Input Configuration Driver","C:\WINDOWS\system32\drivers\MTConfig.sys","Stopped","Manual","Microsoft Input Configuration Driver"
"Mup","Mup","C:\WINDOWS\system32\Drivers\mup.sys","Running","Boot","Mup"
"mvumis","mvumis","C:\WINDOWS\system32\drivers\mvumis.sys","Stopped","Manual","mvumis"
"NativeWifiP","NativeWiFi Filter","C:\WINDOWS\system32\DRIVERS\nwifi.sys","Running","Manual","NativeWiFi Filter"
"ndfltr","NetworkDirect Service","C:\WINDOWS\system32\drivers\ndfltr.sys","Stopped","Manual","NetworkDirect Service"
"NDIS","NDIS System Driver","C:\WINDOWS\system32\drivers\ndis.sys","Running","Boot","NDIS System Driver"
"NdisCap","Microsoft NDIS Capture","C:\WINDOWS\system32\drivers\ndiscap.sys","Running","System","Microsoft NDIS Capture"
"NdisImPlatform","Microsoft Network Adapter Multiplexor Protocol","C:\WINDOWS\system32\drivers\NdisImPlatform.sys","Stopped","Manual","Microsoft Network Adapter Multiplexor Protocol"
"NdisTapi","Remote Access NDIS TAPI Driver","C:\WINDOWS\system32\DRIVERS\ndistapi.sys","Running","Manual","Remote Access NDIS TAPI Driver"
"Ndisuio","NDIS Usermode I/O Protocol","C:\WINDOWS\system32\drivers\ndisuio.sys","Running","Manual","NDIS Usermode I/O Protocol"
"NdisVirtualBus","Microsoft Virtual Network Adapter Enumerator","C:\WINDOWS\system32\drivers\NdisVirtualBus.sys","Running","Manual","Microsoft Virtual Network Adapter Enumerator"
"NdisWan","Remote Access NDIS WAN Driver","C:\WINDOWS\system32\drivers\ndiswan.sys","Running","Manual","Remote Access NDIS WAN Driver"
"ndiswanlegacy","Remote Access LEGACY NDIS WAN Driver","C:\WINDOWS\system32\DRIVERS\ndiswan.sys","Stopped","Manual","Remote Access LEGACY NDIS WAN Driver"
"NDivert","NordVPN Divert Driver","\??\C:\Program Files\NordVPN\8.0.5.0\Drivers\NDivert.sys","Running","Auto","NordVPN Divert Driver"
"NDKPerf","NDKPerf Driver","C:\WINDOWS\system32\drivers\NDKPerf.sys","Stopped","Manual","NDKPerf Driver"
"NDKPing","NDKPing Driver","C:\WINDOWS\system32\drivers\NDKPing.sys","Stopped","Manual","NDKPing Driver"
"ndproxy","NDIS Proxy Driver","C:\WINDOWS\system32\DRIVERS\NDProxy.sys","Running","Manual","NDIS Proxy Driver"
"Ndu","Windows Network Data Usage Monitoring Driver","C:\WINDOWS\system32\drivers\Ndu.sys","Running","Auto","Windows Network Data Usage Monitoring Driver"
"NetAdapterCx","Network Adapter WDF Class Extension Library","C:\WINDOWS\system32\drivers\netadaptercx.sys","Running","Manual","Network Adapter WDF Class Extension Library"
"NetBIOS","NetBIOS Interface","C:\WINDOWS\system32\drivers\netbios.sys","Running","System","NetBIOS Interface"
"NetBT","NetBT","C:\WINDOWS\system32\DRIVERS\netbt.sys","Running","System","NetBT"
"netvsc","netvsc","C:\WINDOWS\system32\drivers\netvsc.sys","Stopped","Manual","netvsc"
"NetworkPrivacyPolicy","Microsoft Network Privacy Policy Service","C:\WINDOWS\system32\DriverStore\FileRepository\networkprivacypolicy.inf_amd64_42abed8762795b20\NetworkPrivacyPolicy.sys","Stopped","Auto","Microsoft Network Privacy Policy Service"
"npcap","Npcap Packet Driver (NPCAP)","C:\WINDOWS\system32\DRIVERS\npcap.sys","Running","System","Npcap Packet Driver (NPCAP)"
"npcap_wifi","Npcap Packet Driver (NPCAP) (Wi-Fi)","C:\WINDOWS\system32\DRIVERS\npcap.sys","Stopped","Disabled","Npcap Packet Driver (NPCAP) (Wi-Fi)"
"Npfs","Npfs","C:\WINDOWS\system32\drivers\Npfs.sys","Running","System","Npfs"
"npsvctrig","Named pipe service trigger provider","C:\WINDOWS\system32\drivers\npsvctrig.sys","Running","System","Named pipe service trigger provider"
"nsiproxy","NSI Proxy Service Driver","C:\WINDOWS\system32\drivers\nsiproxy.sys","Running","System","NSI Proxy Service Driver"
"Ntfs","Ntfs","C:\WINDOWS\system32\drivers\Ntfs.sys","Running","Manual","Ntfs"
"Null","Null","C:\WINDOWS\system32\drivers\Null.sys","Running","System","Null"
"nvdimm","Microsoft NVDIMM device driver","C:\WINDOWS\system32\drivers\nvdimm.sys","Stopped","Manual","Microsoft NVDIMM device driver"
"NVHDA","Service for NVIDIA High Definition Audio Driver","C:\WINDOWS\system32\drivers\nvhda64v.sys","Running","Manual","Service for NVIDIA High Definition Audio Driver"
"nvlddmkm","nvlddmkm","C:\WINDOWS\system32\DriverStore\FileRepository\nv_dispi.inf_amd64_e980fd2c7c4fce8e\nvlddmkm.sys","Running","Manual","nvlddmkm"
"nvmedisk","Microsoft NVMe disk driver","C:\WINDOWS\system32\drivers\nvmedisk.sys","Running","Boot","Microsoft NVMe disk driver"
"nvraid","nvraid","C:\WINDOWS\system32\drivers\nvraid.sys","Stopped","Manual","nvraid"
"nvrtxvad_WaveExtensible","NVIDIA Broadcast","C:\WINDOWS\system32\drivers\nvrtxvad64v.sys","Running","Manual","NVIDIA Broadcast"
"nvstor","nvstor","C:\WINDOWS\system32\drivers\nvstor.sys","Stopped","Manual","nvstor"
"nvvad_WaveExtensible","NVIDIA Virtual Audio Device (Wave Extensible) (WDM)","C:\WINDOWS\system32\drivers\nvvad64v.sys","Running","Manual","NVIDIA Virtual Audio Device (Wave Extensible) (WDM)"
"nvvhci","NVVHCI Enumerator Service","C:\WINDOWS\system32\drivers\nvvhci.sys","Stopped","Manual","NVVHCI Enumerator Service"
"ovpn-dco","ovpn-dco","C:\WINDOWS\system32\drivers\ovpn-dco.sys","Running","Manual","ovpn-dco"
"P9Rdr","Plan 9 Redirector Driver","C:\WINDOWS\system32\drivers\p9rdr.sys","Stopped","Manual","Plan 9 Redirector Driver"
"Parport","Parallel port driver","C:\WINDOWS\system32\drivers\parport.sys","Stopped","Manual","Parallel port driver"
"partmgr","Partition driver","C:\WINDOWS\system32\drivers\partmgr.sys","Running","Boot","Partition driver"
"pci","PCI Bus Driver","C:\WINDOWS\system32\drivers\pci.sys","Running","Boot","PCI Bus Driver"
"pciide","pciide","C:\WINDOWS\system32\drivers\pciide.sys","Stopped","Manual","pciide"
"pcip","PCI Proxy driver","C:\WINDOWS\system32\drivers\pcip.sys","Stopped","Manual","PCI Proxy driver"
"pcmcia","pcmcia","C:\WINDOWS\system32\drivers\pcmcia.sys","Stopped","Manual","pcmcia"
"pcw","Performance Counters for Windows Driver","C:\WINDOWS\system32\drivers\pcw.sys","Running","Boot","Performance Counters for Windows Driver"
"pdc","pdc","C:\WINDOWS\system32\drivers\pdc.sys","Running","Boot","pdc"
"PEAUTH","PEAUTH","C:\WINDOWS\system32\drivers\peauth.sys","Running","Auto","PEAUTH"
"percsas2i","percsas2i","C:\WINDOWS\system32\drivers\percsas2i.sys","Stopped","Manual","percsas2i"
"percsas3i","percsas3i","C:\WINDOWS\system32\drivers\percsas3i.sys","Stopped","Manual","percsas3i"
"PktMon","Packet Monitor Driver","C:\WINDOWS\system32\drivers\PktMon.sys","Stopped","Manual","Packet Monitor Driver"
"PktMonApi","Packet Monitor Export Driver","C:\WINDOWS\system32\drivers\PktMonApi.sys","Stopped","Manual","Packet Monitor Export Driver"
"PlutonHeci","Microsoft Pluton Security Service","C:\WINDOWS\system32\DriverStore\FileRepository\pluton-heci.inf_amd64_640b17f99fa088ee\pluton-heci.sys","Stopped","Manual","Microsoft Pluton Security Service"
"PlutonHsp2","Microsoft Pluton Service","C:\WINDOWS\system32\DriverStore\FileRepository\plutonhsp2.inf_amd64_380e24eba15adc2d\PlutonHsp2.sys","Stopped","Manual","Microsoft Pluton Service"
"pmem","Microsoft persistent memory disk driver","C:\WINDOWS\system32\drivers\pmem.sys","Stopped","Manual","Microsoft persistent memory disk driver"
"PNPMEM","Microsoft Memory Module Driver","C:\WINDOWS\system32\drivers\pnpmem.sys","Stopped","Manual","Microsoft Memory Module Driver"
"portcfg","portcfg","C:\WINDOWS\system32\drivers\portcfg.sys","Stopped","Manual","portcfg"
"PptpMiniport","WAN Miniport (PPTP)","C:\WINDOWS\system32\drivers\raspptp.sys","Running","Manual","WAN Miniport (PPTP)"
"PRM","Microsoft PRM Driver","C:\WINDOWS\system32\DriverStore\FileRepository\prm.inf_amd64_7c38475757a1f016\PRM.sys","Running","Boot","Microsoft PRM Driver"
"Processor","Processor Driver","C:\WINDOWS\system32\drivers\processr.sys","Stopped","Manual","Processor Driver"
"Psched","QoS Packet Scheduler","C:\WINDOWS\system32\drivers\pacer.sys","Running","System","QoS Packet Scheduler"
"pvscsi","pvscsi Storage Controller Driver","C:\WINDOWS\system32\drivers\pvscsii.sys","Stopped","Manual","pvscsi Storage Controller Driver"
"pwdrvio","pwdrvio","C:\WINDOWS\system32\pwdrvio.sys","Running","Boot","pwdrvio"
"pwdspio","pwdspio","\??\C:\WINDOWS\system32\pwdspio.sys","Stopped","Manual","pwdspio"
"qcwlan","Qualcomm Extensible Wireless LAN 11BE device driver","C:\WINDOWS\system32\drivers\qcwlan64.sys","Running","Manual","Qualcomm Extensible Wireless LAN 11BE device driver"
"QWAVEdrv","QWAVE driver","C:\WINDOWS\system32\drivers\qwavedrv.sys","Stopped","Manual","QWAVE driver"
"Ramdisk","Windows RAM Disk Driver","C:\WINDOWS\system32\drivers\ramdisk.sys","Stopped","Manual","Windows RAM Disk Driver"
"RasAcd","Remote Access Auto Connection Driver","C:\WINDOWS\system32\DRIVERS\rasacd.sys","Stopped","Manual","Remote Access Auto Connection Driver"
"RasAgileVpn","WAN Miniport (IKEv2)","C:\WINDOWS\system32\drivers\AgileVpn.sys","Running","Manual","WAN Miniport (IKEv2)"
"Rasl2tp","WAN Miniport (L2TP)","C:\WINDOWS\system32\drivers\rasl2tp.sys","Running","Manual","WAN Miniport (L2TP)"
"RasPppoe","Remote Access PPPOE Driver","C:\WINDOWS\system32\DRIVERS\raspppoe.sys","Running","Manual","Remote Access PPPOE Driver"
"RasSstp","WAN Miniport (SSTP)","C:\WINDOWS\system32\drivers\rassstp.sys","Running","Manual","WAN Miniport (SSTP)"
"rdbss","Redirected Buffering Sub System","C:\WINDOWS\system32\DRIVERS\rdbss.sys","Running","System","Redirected Buffering Sub System"
"rdpbus","Remote Desktop Device Redirector Bus Driver","C:\WINDOWS\system32\drivers\rdpbus.sys","Running","Manual","Remote Desktop Device Redirector Bus Driver"
"RDPDR","Remote Desktop Device Redirector Driver","C:\WINDOWS\system32\drivers\rdpdr.sys","Stopped","Manual","Remote Desktop Device Redirector Driver"
"rdyboost","ReadyBoost","C:\WINDOWS\system32\drivers\rdyboost.sys","Running","Boot","ReadyBoost"
"ReFS","ReFS","C:\WINDOWS\system32\drivers\ReFS.sys","Stopped","Manual","ReFS"
"ReFSv1","ReFSv1","C:\WINDOWS\system32\drivers\ReFSv1.sys","Stopped","Manual","ReFSv1"
"RFCOMM","Bluetooth Device (RFCOMM Protocol TDI)","C:\WINDOWS\system32\drivers\rfcomm.sys","Running","Manual","Bluetooth Device (RFCOMM Protocol TDI)"
"rhproxy","Resource Hub proxy driver","C:\WINDOWS\system32\drivers\rhproxy.sys","Running","Manual","Resource Hub proxy driver"
"rspndr","Link-Layer Topology Discovery Responder","C:\WINDOWS\system32\drivers\rspndr.sys","Running","Auto","Link-Layer Topology Discovery Responder"
"rt640x64","Realtek RT640 NT Driver","C:\WINDOWS\system32\drivers\rt640x64.sys","Running","Manual","Realtek RT640 NT Driver"
"RtlWlanu","Realtek Wireless LAN 802.11n USB 2.0 Network Adapter","C:\WINDOWS\system32\drivers\rtwlanu.sys","Stopped","Manual","Realtek Wireless LAN 802.11n USB 2.0 Network Adapter"
"s3cap","s3cap","C:\WINDOWS\system32\drivers\vms3cap.sys","Stopped","Manual","s3cap"
"sbp2port","SBP-2 Transport/Protocol Bus Driver","C:\WINDOWS\system32\drivers\sbp2port.sys","Stopped","Manual","SBP-2 Transport/Protocol Bus Driver"
"scfilter","Smart card PnP Class Filter Driver","C:\WINDOWS\system32\DRIVERS\scfilter.sys","Stopped","Manual","Smart card PnP Class Filter Driver"
"scmbus","Microsoft Storage Class Memory Bus Driver","C:\WINDOWS\system32\drivers\scmbus.sys","Stopped","Manual","Microsoft Storage Class Memory Bus Driver"
"sdbus","sdbus","C:\WINDOWS\system32\drivers\sdbus.sys","Stopped","Manual","sdbus"
"SdcaHidInbox","SoundWire HID Driver","C:\WINDOWS\system32\DriverStore\FileRepository\sdcahid.inf_amd64_a4e3cf15548ccfe2\SdcaHid.sys","Stopped","Manual","SoundWire HID Driver"
"SdcaMfdInbox","SoundWire Audio Multifunction Driver","C:\WINDOWS\system32\DriverStore\FileRepository\sdcamfd.inf_amd64_0f142177b658b67c\SdcaMfd.sys","Stopped","Manual","SoundWire Audio Multifunction Driver"
"sdstor","SD Storage Port Driver","C:\WINDOWS\system32\drivers\sdstor.sys","Stopped","Manual","SD Storage Port Driver"
"SerCx","Serial UART Support Library","C:\WINDOWS\system32\drivers\SerCx.sys","Stopped","Manual","Serial UART Support Library"
"SerCx2","Serial UART Support Library","C:\WINDOWS\system32\drivers\SerCx2.sys","Stopped","Manual","Serial UART Support Library"
"Serenum","Serenum Filter Driver","C:\WINDOWS\system32\drivers\serenum.sys","Stopped","Manual","Serenum Filter Driver"
"Serial","Serial port driver","C:\WINDOWS\system32\drivers\serial.sys","Stopped","Manual","Serial port driver"
"sermouse","Serial Mouse Driver","C:\WINDOWS\system32\drivers\sermouse.sys","Stopped","Manual","Serial Mouse Driver"
"sfloppy","High-Capacity Floppy Disk Drive","C:\WINDOWS\system32\drivers\sfloppy.sys","Stopped","Manual","High-Capacity Floppy Disk Drive"
"silabenm","Silicon Labs CP210x USB to UART Bridge Serial Port Enumerator Driver","C:\WINDOWS\system32\drivers\silabenm.sys","Stopped","Manual","Silicon Labs CP210x USB to UART Bridge Serial Port Enumerator Driver"
"SiSRaid2","SiSRaid2","C:\WINDOWS\system32\drivers\SiSRaid2.sys","Stopped","Manual","SiSRaid2"
"SiSRaid4","SiSRaid4","C:\WINDOWS\system32\drivers\sisraid4.sys","Stopped","Manual","SiSRaid4"
"SmartSAMD","SmartSAMD","C:\WINDOWS\system32\drivers\SmartSAMD.sys","Stopped","Manual","SmartSAMD"
"smbdirect","smbdirect","C:\WINDOWS\system32\DRIVERS\smbdirect.sys","Stopped","Manual","smbdirect"
"snapman","Acronis Snapshots Manager","C:\WINDOWS\system32\DRIVERS\snapman.sys","Running","Boot","Acronis Snapshots Manager"
"spaceparser","spaceparser","C:\WINDOWS\system32\drivers\spaceparser.sys","Stopped","Manual","spaceparser"
"spaceport","Storage Spaces Driver","C:\WINDOWS\system32\drivers\spaceport.sys","Running","Boot","Storage Spaces Driver"
"SpbCx","Simple Peripheral Bus Support Library","C:\WINDOWS\system32\drivers\SpbCx.sys","Running","Manual","Simple Peripheral Bus Support Library"
"srv2","Server SMB 2.xxx Driver","C:\WINDOWS\system32\DRIVERS\srv2.sys","Running","Manual","Server SMB 2.xxx Driver"
"srvnet","srvnet","C:\WINDOWS\system32\DRIVERS\srvnet.sys","Running","Manual","srvnet"
"ssdevfactory","SteelSeries Device Factory Service","C:\WINDOWS\system32\drivers\ssdevfactory.sys","Running","Manual","SteelSeries Device Factory Service"
"ssudqcfilter","SAMSUNG Mobile USB QCRMNET Filter Driver","C:\WINDOWS\system32\drivers\ssudqcfilter.sys","Stopped","Manual","SAMSUNG Mobile USB QCRMNET Filter Driver"
"SteelSeries_Sonar_VAD","SteelSeries Sonar Driver","C:\WINDOWS\system32\DriverStore\FileRepository\steelseries-sonar-vad.inf_amd64_d2a852794d8f7bf8\SteelSeries-Sonar-VAD.sys","Running","Manual","SteelSeries Sonar Driver"
"stexstor","stexstor","C:\WINDOWS\system32\drivers\stexstor.sys","Stopped","Manual","stexstor"
"storahci","Microsoft Standard SATA AHCI Driver","C:\WINDOWS\system32\drivers\storahci.sys","Running","Boot","Microsoft Standard SATA AHCI Driver"
"storflt","Microsoft Hyper-V Storage Accelerator","C:\WINDOWS\system32\drivers\vmstorfl.sys","Stopped","Manual","Microsoft Hyper-V Storage Accelerator"
"stornvme","Microsoft Standard NVM Express Driver","C:\WINDOWS\system32\drivers\stornvme.sys","Running","Boot","Microsoft Standard NVM Express Driver"
"storqosflt","Storage QoS Filter Driver","C:\WINDOWS\system32\drivers\storqosflt.sys","Running","Auto","Storage QoS Filter Driver"
"storufs","Microsoft Universal Flash Storage (UFS) Driver","C:\WINDOWS\system32\drivers\storufs.sys","Stopped","Manual","Microsoft Universal Flash Storage (UFS) Driver"
"storvsc","storvsc","C:\WINDOWS\system32\drivers\storvsc.sys","Stopped","Manual","storvsc"
"swenum","Software Bus Driver","C:\WINDOWS\system32\DriverStore\FileRepository\swenum.inf_amd64_8b9dd76f362e3ec6\swenum.sys","Running","Manual","Software Bus Driver"
"tapnordvpn","TAP-NordVPN Windows Adapter V9","C:\WINDOWS\system32\drivers\tapnordvpn.sys","Running","Manual","TAP-NordVPN Windows Adapter V9"
"Tcpip","TCP/IP Protocol Driver","C:\WINDOWS\system32\drivers\tcpip.sys","Running","Boot","TCP/IP Protocol Driver"
"Tcpip6","@todo.dll,-100;Microsoft IPv6 Protocol Driver","C:\WINDOWS\system32\drivers\tcpip.sys","Stopped","Manual","@todo.dll,-100;Microsoft IPv6 Protocol Driver"
"tcpipreg","@%SystemRoot%\System32\drivers\tcpipreg.sys,-10110,","C:\WINDOWS\system32\drivers\tcpipreg.sys","Running","Auto","@%SystemRoot%\System32\drivers\tcpipreg.sys,-10110,"
"tdx","NetIO Legacy TDI Support Driver","C:\WINDOWS\system32\DRIVERS\tdx.sys","Running","System","NetIO Legacy TDI Support Driver"
"terminpt","Microsoft Remote Desktop Input Driver","C:\WINDOWS\system32\drivers\terminpt.sys","Stopped","Manual","Microsoft Remote Desktop Input Driver"
"ThermalFilter","Microsoft Thermal Filter Driver","C:\WINDOWS\system32\DriverStore\FileRepository\c_thermal.inf_amd64_b38a77a51a7f05bf\ThermalFilter.sys","Stopped","Manual","Microsoft Thermal Filter Driver"
"tib_mounter","Acronis TIB Mounter","C:\WINDOWS\system32\DRIVERS\tib_mounter.sys","Running","Auto","Acronis TIB Mounter"
"TPM","TPM","C:\WINDOWS\system32\drivers\tpm.sys","Running","Manual","TPM"
"TsUsbFlt","Remote Desktop USB Hub Class Filter Driver","C:\WINDOWS\system32\drivers\tsusbflt.sys","Stopped","Manual","Remote Desktop USB Hub Class Filter Driver"
"TsUsbGD","Remote Desktop Generic USB Device","C:\WINDOWS\system32\drivers\TsUsbGD.sys","Stopped","Manual","Remote Desktop Generic USB Device"
"tsusbhub","Remote Desktop USB Hub","C:\WINDOWS\system32\drivers\tsusbhub.sys","Stopped","Manual","Remote Desktop USB Hub"
"tunnel","Microsoft Tunnel Miniport Adapter Driver","C:\WINDOWS\system32\drivers\tunnel.sys","Stopped","Manual","Microsoft Tunnel Miniport Adapter Driver"
"UASPStor","USB Attached SCSI (UAS) Driver","C:\WINDOWS\system32\drivers\uaspstor.sys","Running","Manual","USB Attached SCSI (UAS) Driver"
"UcmCx0101","USB Connector Manager KMDF Class Extension","C:\WINDOWS\system32\Drivers\UcmCx.sys","Stopped","Manual","USB Connector Manager KMDF Class Extension"
"UcmTcpciCx0101","UCM-TCPCI KMDF Class Extension","C:\WINDOWS\system32\Drivers\UcmTcpciCx.sys","Stopped","Manual","UCM-TCPCI KMDF Class Extension"
"UcmUcsiAcpiClient","UCM-UCSI ACPI Client","C:\WINDOWS\system32\drivers\UcmUcsiAcpiClient.sys","Stopped","Manual","UCM-UCSI ACPI Client"
"UcmUcsiCx0101","UCM-UCSI KMDF Class Extension","C:\WINDOWS\system32\Drivers\UcmUcsiCx.sys","Stopped","Manual","UCM-UCSI KMDF Class Extension"
"UCPD","UCPD","C:\WINDOWS\system32\drivers\UCPD.sys","Running","System","UCPD"
"Ucx01000","USB Host Support Library","C:\WINDOWS\system32\drivers\ucx01000.sys","Running","Manual","USB Host Support Library"
"UdeCx","USB Device Emulation Support Library","C:\WINDOWS\system32\drivers\udecx.sys","Stopped","Manual","USB Device Emulation Support Library"
"udfs","udfs","C:\WINDOWS\system32\DRIVERS\udfs.sys","Stopped","Disabled","udfs"
"UEFI","Microsoft UEFI Driver","C:\WINDOWS\system32\DriverStore\FileRepository\uefi.inf_amd64_609b02c2a09b3b3f\UEFI.sys","Running","Manual","Microsoft UEFI Driver"
"UevAgentDriver","UevAgentDriver","C:\WINDOWS\system32\drivers\UevAgentDriver.sys","Stopped","Disabled","UevAgentDriver"
"Ufx01000","USB Function Class Extension","C:\WINDOWS\system32\drivers\ufx01000.sys","Stopped","Manual","USB Function Class Extension"
"UfxChipidea","USB Chipidea Controller","C:\WINDOWS\system32\DriverStore\FileRepository\ufxchipidea.inf_amd64_6e8bb2ed82835828\UfxChipidea.sys","Stopped","Manual","USB Chipidea Controller"
"ufxsynopsys","USB Synopsys Controller","C:\WINDOWS\system32\drivers\ufxsynopsys.sys","Stopped","Manual","USB Synopsys Controller"
"uiomap","Microsoft UIO Mapper Driver Service","C:\WINDOWS\system32\DriverStore\FileRepository\uiomap.inf_amd64_f5d5465d1731583d\uiomap.sys","Running","System","Microsoft UIO Mapper Driver Service"
"umbus","UMBus Enumerator Driver","C:\WINDOWS\system32\DriverStore\FileRepository\umbus.inf_amd64_914dd46b4b013b1b\umbus.sys","Running","Manual","UMBus Enumerator Driver"
"UmPass","Microsoft UMPass Driver","C:\WINDOWS\system32\DriverStore\FileRepository\umpass.inf_amd64_06e016c9ffecbf73\umpass.sys","Running","Manual","Microsoft UMPass Driver"
"UnionFS","UnionFS","C:\WINDOWS\system32\drivers\UnionFS.sys","Running","Auto","UnionFS"
"UrsChipidea","Chipidea USB Role-Switch Driver","C:\WINDOWS\system32\DriverStore\FileRepository\urschipidea.inf_amd64_37fb14618bce547b\urschipidea.sys","Stopped","Manual","Chipidea USB Role-Switch Driver"
"UrsCx01000","USB Role-Switch Support Library","C:\WINDOWS\system32\drivers\urscx01000.sys","Stopped","Manual","USB Role-Switch Support Library"
"UrsSynopsys","Synopsys USB Role-Switch Driver","C:\WINDOWS\system32\DriverStore\FileRepository\urssynopsys.inf_amd64_ef0be23d0f063014\urssynopsys.sys","Stopped","Manual","Synopsys USB Role-Switch Driver"
"usb-platformdetection","Usb Platform Detection Driver","C:\WINDOWS\system32\DriverStore\FileRepository\usb-platformdetection.inf_amd64_e243534e8864d658\usb-platformdetection.sys","Stopped","Manual","Usb Platform Detection Driver"
"Usb4DeviceRouter","USB4 Device Router Service","C:\WINDOWS\system32\DriverStore\FileRepository\usb4devicerouter.inf_amd64_cd4d81f2bc6d8fe2\Usb4DeviceRouter.sys","Running","Manual","USB4 Device Router Service"
"Usb4HostRouter","USB4 Host Router Service","C:\WINDOWS\system32\DriverStore\FileRepository\usb4hostrouter.inf_amd64_1159012f806838ab\Usb4HostRouter.sys","Running","Manual","USB4 Host Router Service"
"usbaudio","USB Audio Driver (WDM)","C:\WINDOWS\system32\drivers\usbaudio.sys","Running","Manual","USB Audio Driver (WDM)"
"usbaudio2","USB Audio 2.0 Service","C:\WINDOWS\system32\drivers\usbaudio2.sys","Stopped","Manual","USB Audio 2.0 Service"
"usbccgp","Microsoft USB Generic Parent Driver","C:\WINDOWS\system32\drivers\usbccgp.sys","Running","Manual","Microsoft USB Generic Parent Driver"
"usbcir","eHome Infrared Receiver (USBCIR)","C:\WINDOWS\system32\drivers\usbcir.sys","Stopped","Manual","eHome Infrared Receiver (USBCIR)"
"usbehci","Microsoft USB 2.0 Enhanced Host Controller Miniport Driver","C:\WINDOWS\system32\drivers\usbehci.sys","Stopped","Manual","Microsoft USB 2.0 Enhanced Host Controller Miniport Driver"
"usbhub","Microsoft USB Standard Hub Driver","C:\WINDOWS\system32\drivers\usbhub.sys","Stopped","Manual","Microsoft USB Standard Hub Driver"
"USBHUB3","SuperSpeed Hub","C:\WINDOWS\system32\drivers\UsbHub3.sys","Running","Manual","SuperSpeed Hub"
"usbohci","Microsoft USB Open Host Controller Miniport Driver","C:\WINDOWS\system32\drivers\usbohci.sys","Stopped","Manual","Microsoft USB Open Host Controller Miniport Driver"
"USBPcap","USBPcap Capture Service","C:\WINDOWS\system32\DRIVERS\USBPcap.sys","Running","Manual","USBPcap Capture Service"
"usbprint","Microsoft USB PRINTER Class","C:\WINDOWS\system32\drivers\usbprint.sys","Stopped","Manual","Microsoft USB PRINTER Class"
"usbser","Microsoft USB Serial Driver","C:\WINDOWS\system32\drivers\usbser.sys","Running","Manual","Microsoft USB Serial Driver"
"USBSTOR","USB Mass Storage Driver","C:\WINDOWS\system32\drivers\USBSTOR.SYS","Stopped","Manual","USB Mass Storage Driver"
"usbuhci","Microsoft USB Universal Host Controller Miniport Driver","C:\WINDOWS\system32\drivers\usbuhci.sys","Stopped","Manual","Microsoft USB Universal Host Controller Miniport Driver"
"usbvideo","USB Video Device (WDM)","C:\WINDOWS\system32\Drivers\usbvideo.sys","Running","Manual","USB Video Device (WDM)"
"USBXHCI","USB xHCI Compliant Host Controller","C:\WINDOWS\system32\drivers\USBXHCI.SYS","Running","Manual","USB xHCI Compliant Host Controller"
"VBoxNetAdp","VirtualBox NDIS 6.0 Miniport Service","C:\WINDOWS\system32\DRIVERS\VBoxNetAdp6.sys","Running","Manual","VirtualBox NDIS 6.0 Miniport Service"
"VBoxNetLwf","VirtualBox NDIS6 Bridged Networking Service","C:\WINDOWS\system32\DRIVERS\VBoxNetLwf.sys","Running","System","VirtualBox NDIS6 Bridged Networking Service"
"VBoxSup","VirtualBox Service","C:\WINDOWS\system32\drivers\VBoxSup.sys","Running","System","VirtualBox Service"
"VBoxUSB","VirtualBox USB Service","C:\WINDOWS\system32\Drivers\VBoxUSB.sys","Stopped","Manual","VirtualBox USB Service"
"VBoxUSBMon","VirtualBox USB Monitor Service","C:\WINDOWS\system32\drivers\VBoxUSBMon.sys","Running","System","VirtualBox USB Monitor Service"
"vdrvroot","Microsoft Virtual Drive Enumerator","C:\WINDOWS\system32\drivers\vdrvroot.sys","Running","Boot","Microsoft Virtual Drive Enumerator"
"VerifierExt","Driver Verifier Extension","C:\WINDOWS\system32\drivers\VerifierExt.sys","Stopped","Manual","Driver Verifier Extension"
"vhdmp","vhdmp","C:\WINDOWS\system32\drivers\vhdmp.sys","Stopped","Manual","vhdmp"
"vhf","Virtual HID Framework (VHF) Driver","C:\WINDOWS\system32\drivers\vhf.sys","Stopped","Manual","Virtual HID Framework (VHF) Driver"
"Vid","Vid","C:\WINDOWS\system32\drivers\Vid.sys","Running","System","Vid"
"VirtualRender","VirtualRender","C:\WINDOWS\system32\DriverStore\FileRepository\vrd.inf_amd64_4dd0e6d66a75bb7e\vrd.sys","Stopped","Manual","VirtualRender"
"virtual_file","Acronis Virtual File Driver","C:\WINDOWS\system32\DRIVERS\virtual_file.sys","Running","Auto","Acronis Virtual File Driver"
"vmbus","Virtual Machine Bus","C:\WINDOWS\system32\drivers\vmbus.sys","Stopped","Manual","Virtual Machine Bus"
"VMBusHID","VMBusHID","C:\WINDOWS\system32\drivers\VMBusHID.sys","Stopped","Manual","VMBusHID"
"vmci","VMware VMCI Bus Driver","C:\WINDOWS\system32\drivers\vmci.sys","Running","Boot","VMware VMCI Bus Driver"
"vmgid","Microsoft Hyper-V Guest Infrastructure Driver","C:\WINDOWS\system32\drivers\vmgid.sys","Stopped","Manual","Microsoft Hyper-V Guest Infrastructure Driver"
"VMnetAdapter","VMware Virtual Ethernet Adapter Driver","C:\WINDOWS\system32\drivers\vmnetadapter.sys","Running","Manual","VMware Virtual Ethernet Adapter Driver"
"VMnetBridge","VMware Bridge Protocol","C:\WINDOWS\system32\DRIVERS\vmnetbridge.sys","Running","Auto","VMware Bridge Protocol"
"VMnetuserif","VMware Virtual Ethernet Userif for VMnet","C:\WINDOWS\system32\DRIVERS\vmnetuserif.sys","Running","Auto","VMware Virtual Ethernet Userif for VMnet"
"vmusb","VMware USB Client Driver","C:\WINDOWS\system32\drivers\vmusb.sys","Stopped","Manual","VMware USB Client Driver"
"vmx86","VMware vmx86","C:\WINDOWS\system32\DRIVERS\vmx86.sys","Running","Auto","VMware vmx86"
"volmgr","Volume Manager Driver","C:\WINDOWS\system32\drivers\volmgr.sys","Running","Boot","Volume Manager Driver"
"volmgrx","Dynamic Volume Manager","C:\WINDOWS\system32\drivers\volmgrx.sys","Running","Boot","Dynamic Volume Manager"
"volsnap","Volume Shadow Copy driver","C:\WINDOWS\system32\drivers\volsnap.sys","Running","Boot","Volume Shadow Copy driver"
"volume","Volume driver","C:\WINDOWS\system32\drivers\volume.sys","Running","Boot","Volume driver"
"volume_tracker","Acronis Volume Tracker","C:\WINDOWS\system32\DRIVERS\volume_tracker.sys","Running","Boot","Acronis Volume Tracker"
"vpci","Microsoft Hyper-V Virtual PCI Bus","C:\WINDOWS\system32\drivers\vpci.sys","Stopped","Manual","Microsoft Hyper-V Virtual PCI Bus"
"vpcivsp","Microsoft Hyper-V PCI Server","C:\WINDOWS\system32\drivers\vpcivsp.sys","Running","Manual","Microsoft Hyper-V PCI Server"
"vsmraid","vsmraid","C:\WINDOWS\system32\drivers\vsmraid.sys","Stopped","Manual","vsmraid"
"vsock","vSockets Virtual Machine Communication Interface Sockets driver","C:\WINDOWS\system32\DRIVERS\vsock.sys","Running","Boot","vSockets Virtual Machine Communication Interface Sockets driver"
"VSTXRAID","VIA StorX Storage RAID Controller Windows Driver","C:\WINDOWS\system32\drivers\vstxraid.sys","Stopped","Manual","VIA StorX Storage RAID Controller Windows Driver"
"vwifibus","Virtual Wireless Bus Driver","C:\WINDOWS\system32\DriverStore\FileRepository\netvwifibus.inf_amd64_ab4e111fe8221178\vwifibus.sys","Stopped","Manual","Virtual Wireless Bus Driver"
"vwififlt","Virtual WiFi Filter Driver","C:\WINDOWS\system32\drivers\vwififlt.sys","Running","System","Virtual WiFi Filter Driver"
"WacHidRouterPro","Wacom Hid Router Pro","C:\WINDOWS\system32\drivers\wachidrouter.sys","Stopped","Manual","Wacom Hid Router Pro"
"WacomPen","Wacom Serial Pen HID Driver","C:\WINDOWS\system32\drivers\wacompen.sys","Stopped","Manual","Wacom Serial Pen HID Driver"
"wacomrouterfilter","Wacom Router Filter Driver","C:\WINDOWS\system32\drivers\wacomrouterfilter.sys","Stopped","Manual","Wacom Router Filter Driver"
"wanarp","Remote Access IP ARP Driver","C:\WINDOWS\system32\DRIVERS\wanarp.sys","Running","Auto","Remote Access IP ARP Driver"
"wanarpv6","Remote Access IPv6 ARP Driver","C:\WINDOWS\system32\DRIVERS\wanarp.sys","Stopped","Manual","Remote Access IPv6 ARP Driver"
"wcifs","Windows Container Isolation","C:\WINDOWS\system32\drivers\wcifs.sys","Running","Auto","Windows Container Isolation"
"WdBoot","Microsoft Defender Antivirus Boot Driver","C:\WINDOWS\system32\drivers\wd\WdBoot.sys","Stopped","Boot","Microsoft Defender Antivirus Boot Driver"
"Wdf01000","Kernel Mode Driver Frameworks service","C:\WINDOWS\system32\drivers\Wdf01000.sys","Running","Boot","Kernel Mode Driver Frameworks service"
"WdFilter","Microsoft Defender Antivirus Mini-Filter Driver","C:\WINDOWS\system32\drivers\wd\WdFilter.sys","Running","Boot","Microsoft Defender Antivirus Mini-Filter Driver"
"wdiwifi","WDI Driver Framework","C:\WINDOWS\system32\DRIVERS\wdiwifi.sys","Stopped","Manual","WDI Driver Framework"
"WdmCompanionFilter","WdmCompanionFilter","C:\WINDOWS\system32\drivers\WdmCompanionFilter.sys","Stopped","Manual","WdmCompanionFilter"
"WdNisDrv","Microsoft Defender Antivirus Network Inspection System Driver","C:\WINDOWS\system32\drivers\wd\WdNisDrv.sys","Running","Manual","Microsoft Defender Antivirus Network Inspection System Driver"
"WFPLWFS","Microsoft Windows Filtering Platform","C:\WINDOWS\system32\drivers\wfplwfs.sys","Running","Boot","Microsoft Windows Filtering Platform"
"Wificx","Wifi Network Adapter Class Extension","C:\WINDOWS\system32\drivers\WifiCx.sys","Running","Manual","Wifi Network Adapter Class Extension"
"WIMMount","WIMMount","C:\WINDOWS\system32\drivers\wimmount.sys","Stopped","Manual","WIMMount"
"WinAccelCx0101","Microsoft Accelerator Class Extension Driver","C:\WINDOWS\system32\drivers\WinAccelCx.sys","Stopped","Manual","Microsoft Accelerator Class Extension Driver"
"WindowsTrustedRT","Windows Trusted Execution Environment Class Extension","C:\WINDOWS\system32\drivers\WindowsTrustedRT.sys","Running","Boot","Windows Trusted Execution Environment Class Extension"
"WindowsTrustedRTProxy","Microsoft Windows Trusted Runtime Secure Service","C:\WINDOWS\system32\drivers\WindowsTrustedRTProxy.sys","Running","Boot","Microsoft Windows Trusted Runtime Secure Service"
"wini3ctarget","Generic driver for I3C Target Devices","C:\WINDOWS\system32\DriverStore\FileRepository\wini3ctarget.inf_amd64_9bda3f893989b4a6\wini3ctarget.sys","Stopped","Manual","Generic driver for I3C Target Devices"
"WinMad","WinMad Service","C:\WINDOWS\system32\drivers\winmad.sys","Stopped","Manual","WinMad Service"
"WinNat","Windows NAT Driver","C:\WINDOWS\system32\drivers\winnat.sys","Stopped","Manual","Windows NAT Driver"
"WINUSB","WinUsb Driver","C:\WINDOWS\system32\drivers\WinUsb.sys","Running","Manual","WinUsb Driver"
"WinVerbs","WinVerbs Service","C:\WINDOWS\system32\drivers\winverbs.sys","Stopped","Manual","WinVerbs Service"
"WireGuard","WireGuard","C:\WINDOWS\system32\drivers\wireguard.sys","Running","Manual","WireGuard"
"WmiAcpi","Microsoft Windows Management Interface for ACPI","C:\WINDOWS\system32\drivers\wmiacpi.sys","Running","Manual","Microsoft Windows Management Interface for ACPI"
"Wof","Windows Overlay File System Filter Driver","C:\WINDOWS\system32\drivers\Wof.sys","Running","Boot","Windows Overlay File System Filter Driver"
"WpdUpFltr","WPD Upper Class Filter Driver","C:\WINDOWS\system32\drivers\WpdUpFltr.sys","Running","Manual","WPD Upper Class Filter Driver"
"ws2ifsl","Windows Socket 2.0 Non-IFS Service Provider Support Environment","C:\WINDOWS\system32\drivers\ws2ifsl.sys","Running","System","Windows Socket 2.0 Non-IFS Service Provider Support Environment"
"wtd","wtd","C:\WINDOWS\system32\drivers\wtd.sys","Running","Auto","wtd"
"WudfPf","User Mode Driver Frameworks Platform Driver","C:\WINDOWS\system32\drivers\WudfPf.sys","Stopped","Manual","User Mode Driver Frameworks Platform Driver"
"WUDFRd","Windows Driver Foundation - User-mode Driver Framework Reflector","C:\WINDOWS\system32\drivers\WUDFRd.sys","Running","Manual","Windows Driver Foundation - User-mode Driver Framework Reflector"
"WUDFWpdFs","WPD File System driver","C:\WINDOWS\system32\drivers\WUDFRd.sys","Running","Manual","WPD File System driver"
"WUDFWpdMtp","WUDFWpdMtp","C:\WINDOWS\system32\drivers\WUDFRd.sys","Running","Manual","WUDFWpdMtp"
"xboxgip","Xbox Game Input Protocol Driver","C:\WINDOWS\system32\drivers\xboxgip.sys","Stopped","Manual","Xbox Game Input Protocol Driver"
"xinputhid","XINPUT HID Filter Driver","C:\WINDOWS\system32\drivers\xinputhid.sys","Stopped","Manual","XINPUT HID Filter Driver"
"xusb22","Xbox 360 Wireless Receiver Driver Service 22","C:\WINDOWS\system32\drivers\xusb22.sys","Stopped","Manual","Xbox 360 Wireless Receiver Driver Service 22"
"Xvdd","XVDD Port Driver","C:\WINDOWS\system32\DriverStore\FileRepository\xvdd.inf_amd64_71ad808554cc22aa\xvdd.sys","Stopped","Manual","XVDD Port Driver"
"NTIOLib_MysticLight","NTIOLib_MysticLight","\??\C:\Program Files (x86)\MSI\MSI Center\Mystic Light\Lib\NTIOLib_X64.sys","Running","Manual","NTIOLib_MysticLight"
"NTIOLib_CC_COMM","NTIOLib_CC_COMM","\??\C:\Program Files (x86)\MSI\MSI Center\Lib\SYS\NTIOLib_X64.sys","Running","Manual","NTIOLib_CC_COMM"
"HWiNFO_204","HWiNFO Kernel Driver (v204)","\??\C:\Users\Nebula\AppData\Local\Temp\HWiNFO_x64_204.sys","Running","Manual","HWiNFO Kernel Driver (v204)"
